timestamp,date_x,price,value,classification,date_y,price_deviation,fear_factor,trauma_multiplier,BVI
2022-05-06 16:00:00,2022-05-06T12:00:00,0.9998,22,Extreme Fear,2022-05-06,0.00019999999999997797,0.78,2.0,0.0007119999999999216
2022-05-06 16:15:00,2022-05-06T12:15:00,0.9998,22,Extreme Fear,2022-05-06,0.00019999999999997797,0.78,2.0,0.0007119999999999216
2022-05-06 16:30:00,2022-05-06T12:30:00,0.9998,22,Extreme Fear,2022-05-06,0.00019999999999997797,0.78,2.0,0.0007119999999999216
2022-05-06 16:45:00,2022-05-06T12:45:00,0.9999,22,Extreme Fear,2022-05-06,9.999999999998899e-05,0.78,2.0,0.0003559999999999608
2022-05-06 17:00:00,2022-05-06T13:00:00,0.9998,22,Extreme Fear,2022-05-06,0.00019999999999997797,0.78,2.0,0.0007119999999999216
2022-05-06 17:15:00,2022-05-06T13:15:00,0.9998,22,Extreme Fear,2022-05-06,0.00019999999999997797,0.78,2.0,0.0007119999999999216
2022-05-06 17:30:00,2022-05-06T13:30:00,0.9998,22,Extreme Fear,2022-05-06,0.00019999999999997797,0.78,2.0,0.0007119999999999216
2022-05-06 17:45:00,2022-05-06T13:45:00,0.9998,22,Extreme Fear,2022-05-06,0.00019999999999997797,0.78,2.0,0.0007119999999999216
2022-05-06 18:00:00,2022-05-06T14:00:00,0.9998,22,Extreme Fear,2022-05-06,0.00019999999999997797,0.78,2.0,0.0007119999999999216
2022-05-06 18:15:00,2022-05-06T14:15:00,0.9997,22,Extreme Fear,2022-05-06,0.00029999999999996696,0.78,2.0,0.0010679999999998824
2022-05-06 18:30:00,2022-05-06T14:30:00,0.9998,22,Extreme Fear,2022-05-06,0.00019999999999997797,0.78,2.0,0.0007119999999999216
2022-05-06 18:45:00,2022-05-06T14:45:00,0.9998,22,Extreme Fear,2022-05-06,0.00019999999999997797,0.78,2.0,0.0007119999999999216
2022-05-06 19:00:00,2022-05-06T15:00:00,0.9998,22,Extreme Fear,2022-05-06,0.00019999999999997797,0.78,2.0,0.0007119999999999216
2022-05-06 19:15:00,2022-05-06T15:15:00,0.9997,22,Extreme Fear,2022-05-06,0.00029999999999996696,0.78,2.0,0.0010679999999998824
2022-05-06 19:30:00,2022-05-06T15:30:00,0.9997,22,Extreme Fear,2022-05-06,0.00029999999999996696,0.78,2.0,0.0010679999999998824
2022-05-06 19:45:00,2022-05-06T15:45:00,0.9997,22,Extreme Fear,2022-05-06,0.00029999999999996696,0.78,2.0,0.0010679999999998824
2022-05-06 20:00:00,2022-05-06T16:00:00,0.9998,22,Extreme Fear,2022-05-06,0.00019999999999997797,0.78,2.0,0.0007119999999999216
2022-05-06 20:15:00,2022-05-06T16:15:00,0.9998,22,Extreme Fear,2022-05-06,0.00019999999999997797,0.78,2.0,0.0007119999999999216
2022-05-06 20:30:00,2022-05-06T16:30:00,0.9997,22,Extreme Fear,2022-05-06,0.00029999999999996696,0.78,2.0,0.0010679999999998824
2022-05-06 20:45:00,2022-05-06T16:45:00,0.9997,22,Extreme Fear,2022-05-06,0.00029999999999996696,0.78,2.0,0.0010679999999998824
2022-05-06 21:00:00,2022-05-06T17:00:00,0.9998,22,Extreme Fear,2022-05-06,0.00019999999999997797,0.78,2.0,0.0007119999999999216
2022-05-06 21:15:00,2022-05-06T17:15:00,0.9997,22,Extreme Fear,2022-05-06,0.00029999999999996696,0.78,2.0,0.0010679999999998824
2022-05-06 21:30:00,2022-05-06T17:30:00,0.9998,22,Extreme Fear,2022-05-06,0.00019999999999997797,0.78,2.0,0.0007119999999999216
2022-05-06 21:45:00,2022-05-06T17:45:00,0.9997,22,Extreme Fear,2022-05-06,0.00029999999999996696,0.78,2.0,0.0010679999999998824
2022-05-06 22:00:00,2022-05-06T18:00:00,0.9997,22,Extreme Fear,2022-05-06,0.00029999999999996696,0.78,2.0,0.0010679999999998824
2022-05-06 22:15:00,2022-05-06T18:15:00,0.9998,22,Extreme Fear,2022-05-06,0.00019999999999997797,0.78,2.0,0.0007119999999999216
2022-05-06 22:30:00,2022-05-06T18:30:00,0.9996,22,Extreme Fear,2022-05-06,0.00039999999999995595,0.78,2.0,0.0014239999999998431
2022-05-06 22:45:00,2022-05-06T18:45:00,0.9997,22,Extreme Fear,2022-05-06,0.00029999999999996696,0.78,2.0,0.0010679999999998824
2022-05-06 23:00:00,2022-05-06T19:00:00,0.9997,22,Extreme Fear,2022-05-06,0.00029999999999996696,0.78,2.0,0.0010679999999998824
2022-05-06 23:15:00,2022-05-06T19:15:00,0.9998,22,Extreme Fear,2022-05-06,0.00019999999999997797,0.78,2.0,0.0007119999999999216
2022-05-06 23:30:00,2022-05-06T19:30:00,0.9998,22,Extreme Fear,2022-05-06,0.00019999999999997797,0.78,2.0,0.0007119999999999216
2022-05-06 23:45:00,2022-05-06T19:45:00,0.9997,22,Extreme Fear,2022-05-06,0.00029999999999996696,0.78,2.0,0.0010679999999998824
2022-05-07 00:00:00,2022-05-06T20:00:00,0.9998,22,Extreme Fear,2022-05-06,0.00019999999999997797,0.78,2.0,0.0007119999999999216
2022-05-07 00:15:00,2022-05-06T20:15:00,0.9997,22,Extreme Fear,2022-05-06,0.00029999999999996696,0.78,2.0,0.0010679999999998824
2022-05-07 00:30:00,2022-05-06T20:30:00,0.9998,22,Extreme Fear,2022-05-06,0.00019999999999997797,0.78,2.0,0.0007119999999999216
2022-05-07 00:45:00,2022-05-06T20:45:00,0.9996,22,Extreme Fear,2022-05-06,0.00039999999999995595,0.78,2.0,0.0014239999999998431
2022-05-07 01:00:00,2022-05-06T21:00:00,0.9997,22,Extreme Fear,2022-05-06,0.00029999999999996696,0.78,2.0,0.0010679999999998824
2022-05-07 01:15:00,2022-05-06T21:15:00,0.9997,22,Extreme Fear,2022-05-06,0.00029999999999996696,0.78,2.0,0.0010679999999998824
2022-05-07 01:30:00,2022-05-06T21:30:00,0.9997,22,Extreme Fear,2022-05-06,0.00029999999999996696,0.78,2.0,0.0010679999999998824
2022-05-07 01:45:00,2022-05-06T21:45:00,0.9997,22,Extreme Fear,2022-05-06,0.00029999999999996696,0.78,2.0,0.0010679999999998824
2022-05-07 02:00:00,2022-05-06T22:00:00,0.9997,22,Extreme Fear,2022-05-06,0.00029999999999996696,0.78,2.0,0.0010679999999998824
2022-05-07 02:15:00,2022-05-06T22:15:00,0.9997,22,Extreme Fear,2022-05-06,0.00029999999999996696,0.78,2.0,0.0010679999999998824
2022-05-07 02:30:00,2022-05-06T22:30:00,0.9998,22,Extreme Fear,2022-05-06,0.00019999999999997797,0.78,2.0,0.0007119999999999216
2022-05-07 02:45:00,2022-05-06T22:45:00,0.9998,22,Extreme Fear,2022-05-06,0.00019999999999997797,0.78,2.0,0.0007119999999999216
2022-05-07 03:00:00,2022-05-06T23:00:00,0.9998,22,Extreme Fear,2022-05-06,0.00019999999999997797,0.78,2.0,0.0007119999999999216
2022-05-07 03:15:00,2022-05-06T23:15:00,0.9998,22,Extreme Fear,2022-05-06,0.00019999999999997797,0.78,2.0,0.0007119999999999216
2022-05-07 03:30:00,2022-05-06T23:30:00,0.9997,22,Extreme Fear,2022-05-06,0.00029999999999996696,0.78,2.0,0.0010679999999998824
2022-05-07 03:45:00,2022-05-06T23:45:00,0.9998,22,Extreme Fear,2022-05-06,0.00019999999999997797,0.78,2.0,0.0007119999999999216
2022-05-07 04:00:01,2022-05-07T00:00:01,0.9998,22,Extreme Fear,2022-05-06,0.00019999999999997797,0.78,2.0,0.0007119999999999216
2022-05-07 04:15:00,2022-05-07T00:15:00,0.9999,22,Extreme Fear,2022-05-06,9.999999999998899e-05,0.78,2.0,0.0003559999999999608
2022-05-07 04:30:00,2022-05-07T00:30:00,0.9999,22,Extreme Fear,2022-05-06,9.999999999998899e-05,0.78,2.0,0.0003559999999999608
2022-05-07 04:45:00,2022-05-07T00:45:00,0.9998,22,Extreme Fear,2022-05-06,0.00019999999999997797,0.78,2.0,0.0007119999999999216
2022-05-07 05:00:00,2022-05-07T01:00:00,0.9998,22,Extreme Fear,2022-05-06,0.00019999999999997797,0.78,2.0,0.0007119999999999216
2022-05-07 05:15:00,2022-05-07T01:15:00,0.9997,22,Extreme Fear,2022-05-06,0.00029999999999996696,0.78,2.0,0.0010679999999998824
2022-05-07 05:30:00,2022-05-07T01:30:00,0.9997,23,Extreme Fear,2022-05-07,0.00029999999999996696,0.77,2.0,0.0010619999999998831
2022-05-07 05:45:00,2022-05-07T01:45:00,0.9997,23,Extreme Fear,2022-05-07,0.00029999999999996696,0.77,2.0,0.0010619999999998831
2022-05-07 06:00:00,2022-05-07T02:00:00,0.9997,23,Extreme Fear,2022-05-07,0.00029999999999996696,0.77,2.0,0.0010619999999998831
2022-05-07 06:15:00,2022-05-07T02:15:00,0.9996,23,Extreme Fear,2022-05-07,0.00039999999999995595,0.77,2.0,0.001415999999999844
2022-05-07 06:30:00,2022-05-07T02:30:00,0.9997,23,Extreme Fear,2022-05-07,0.00029999999999996696,0.77,2.0,0.0010619999999998831
2022-05-07 06:45:00,2022-05-07T02:45:00,0.9997,23,Extreme Fear,2022-05-07,0.00029999999999996696,0.77,2.0,0.0010619999999998831
2022-05-07 07:00:00,2022-05-07T03:00:00,0.9996,23,Extreme Fear,2022-05-07,0.00039999999999995595,0.77,2.0,0.001415999999999844
2022-05-07 07:15:00,2022-05-07T03:15:00,0.9996,23,Extreme Fear,2022-05-07,0.00039999999999995595,0.77,2.0,0.001415999999999844
2022-05-07 07:30:00,2022-05-07T03:30:00,0.9997,23,Extreme Fear,2022-05-07,0.00029999999999996696,0.77,2.0,0.0010619999999998831
2022-05-07 07:45:00,2022-05-07T03:45:00,0.9996,23,Extreme Fear,2022-05-07,0.00039999999999995595,0.77,2.0,0.001415999999999844
2022-05-07 08:00:00,2022-05-07T04:00:00,0.9996,23,Extreme Fear,2022-05-07,0.00039999999999995595,0.77,2.0,0.001415999999999844
2022-05-07 08:15:00,2022-05-07T04:15:00,0.9997,23,Extreme Fear,2022-05-07,0.00029999999999996696,0.77,2.0,0.0010619999999998831
2022-05-07 08:30:00,2022-05-07T04:30:00,0.9996,23,Extreme Fear,2022-05-07,0.00039999999999995595,0.77,2.0,0.001415999999999844
2022-05-07 08:45:00,2022-05-07T04:45:00,0.9997,23,Extreme Fear,2022-05-07,0.00029999999999996696,0.77,2.0,0.0010619999999998831
2022-05-07 09:00:00,2022-05-07T05:00:00,0.9997,23,Extreme Fear,2022-05-07,0.00029999999999996696,0.77,2.0,0.0010619999999998831
2022-05-07 09:15:00,2022-05-07T05:15:00,0.9996,23,Extreme Fear,2022-05-07,0.00039999999999995595,0.77,2.0,0.001415999999999844
2022-05-07 09:30:01,2022-05-07T05:30:01,0.9997,23,Extreme Fear,2022-05-07,0.00029999999999996696,0.77,2.0,0.0010619999999998831
2022-05-07 09:45:00,2022-05-07T05:45:00,0.9997,23,Extreme Fear,2022-05-07,0.00029999999999996696,0.77,2.0,0.0010619999999998831
2022-05-07 10:00:00,2022-05-07T06:00:00,0.9997,23,Extreme Fear,2022-05-07,0.00029999999999996696,0.77,2.0,0.0010619999999998831
2022-05-07 10:15:00,2022-05-07T06:15:00,0.9996,23,Extreme Fear,2022-05-07,0.00039999999999995595,0.77,2.0,0.001415999999999844
2022-05-07 10:30:00,2022-05-07T06:30:00,0.9997,23,Extreme Fear,2022-05-07,0.00029999999999996696,0.77,2.0,0.0010619999999998831
2022-05-07 10:45:00,2022-05-07T06:45:00,0.9996,23,Extreme Fear,2022-05-07,0.00039999999999995595,0.77,2.0,0.001415999999999844
2022-05-07 11:00:00,2022-05-07T07:00:00,0.9997,23,Extreme Fear,2022-05-07,0.00029999999999996696,0.77,2.0,0.0010619999999998831
2022-05-07 11:15:00,2022-05-07T07:15:00,0.9997,23,Extreme Fear,2022-05-07,0.00029999999999996696,0.77,2.0,0.0010619999999998831
2022-05-07 11:30:00,2022-05-07T07:30:00,0.9996,23,Extreme Fear,2022-05-07,0.00039999999999995595,0.77,2.0,0.001415999999999844
2022-05-07 11:45:00,2022-05-07T07:45:00,0.9997,23,Extreme Fear,2022-05-07,0.00029999999999996696,0.77,2.0,0.0010619999999998831
2022-05-07 12:00:00,2022-05-07T08:00:00,0.9997,23,Extreme Fear,2022-05-07,0.00029999999999996696,0.77,2.0,0.0010619999999998831
2022-05-07 12:15:00,2022-05-07T08:15:00,0.9997,23,Extreme Fear,2022-05-07,0.00029999999999996696,0.77,2.0,0.0010619999999998831
2022-05-07 12:30:00,2022-05-07T08:30:00,0.9997,23,Extreme Fear,2022-05-07,0.00029999999999996696,0.77,2.0,0.0010619999999998831
2022-05-07 12:45:00,2022-05-07T08:45:00,0.9997,23,Extreme Fear,2022-05-07,0.00029999999999996696,0.77,2.0,0.0010619999999998831
2022-05-07 13:00:00,2022-05-07T09:00:00,0.9996,23,Extreme Fear,2022-05-07,0.00039999999999995595,0.77,2.0,0.001415999999999844
2022-05-07 13:15:00,2022-05-07T09:15:00,0.9996,23,Extreme Fear,2022-05-07,0.00039999999999995595,0.77,2.0,0.001415999999999844
2022-05-07 13:30:00,2022-05-07T09:30:00,0.9997,23,Extreme Fear,2022-05-07,0.00029999999999996696,0.77,2.0,0.0010619999999998831
2022-05-07 13:45:00,2022-05-07T09:45:00,0.9996,23,Extreme Fear,2022-05-07,0.00039999999999995595,0.77,2.0,0.001415999999999844
2022-05-07 14:00:00,2022-05-07T10:00:00,0.9995,23,Extreme Fear,2022-05-07,0.0004999999999999449,0.77,2.0,0.0017699999999998051
2022-05-07 14:15:00,2022-05-07T10:15:00,0.9996,23,Extreme Fear,2022-05-07,0.00039999999999995595,0.77,2.0,0.001415999999999844
2022-05-07 14:30:00,2022-05-07T10:30:00,0.9994,23,Extreme Fear,2022-05-07,0.0006000000000000449,0.77,2.0,0.002124000000000159
2022-05-07 14:45:00,2022-05-07T10:45:00,0.9994,23,Extreme Fear,2022-05-07,0.0006000000000000449,0.77,2.0,0.002124000000000159
2022-05-07 15:00:00,2022-05-07T11:00:00,0.9994,23,Extreme Fear,2022-05-07,0.0006000000000000449,0.77,2.0,0.002124000000000159
2022-05-07 15:15:00,2022-05-07T11:15:00,0.9993,23,Extreme Fear,2022-05-07,0.0007000000000000339,0.77,2.0,0.0024780000000001203
2022-05-07 15:30:00,2022-05-07T11:30:00,0.9993,23,Extreme Fear,2022-05-07,0.0007000000000000339,0.77,2.0,0.0024780000000001203
2022-05-07 15:45:00,2022-05-07T11:45:00,0.9991,23,Extreme Fear,2022-05-07,0.0009000000000000119,0.77,2.0,0.003186000000000042
2022-05-07 16:00:00,2022-05-07T12:00:00,0.9991,23,Extreme Fear,2022-05-07,0.0009000000000000119,0.77,2.0,0.003186000000000042
2022-05-07 16:15:00,2022-05-07T12:15:00,0.9991,23,Extreme Fear,2022-05-07,0.0009000000000000119,0.77,2.0,0.003186000000000042
2022-05-07 16:30:00,2022-05-07T12:30:00,0.9991,23,Extreme Fear,2022-05-07,0.0009000000000000119,0.77,2.0,0.003186000000000042
2022-05-07 16:45:00,2022-05-07T12:45:00,0.999,23,Extreme Fear,2022-05-07,0.0010000000000000009,0.77,2.0,0.003540000000000003
2022-05-07 17:00:00,2022-05-07T13:00:00,0.9992,23,Extreme Fear,2022-05-07,0.0008000000000000229,0.77,2.0,0.002832000000000081
2022-05-07 17:15:00,2022-05-07T13:15:00,0.9989,23,Extreme Fear,2022-05-07,0.0010999999999999899,0.77,2.0,0.0038939999999999643
2022-05-07 17:30:00,2022-05-07T13:30:00,0.9988,23,Extreme Fear,2022-05-07,0.0011999999999999789,0.77,2.0,0.0042479999999999254
2022-05-07 17:45:00,2022-05-07T13:45:00,0.9987,23,Extreme Fear,2022-05-07,0.0012999999999999678,0.77,2.0,0.0046019999999998866
2022-05-07 18:00:00,2022-05-07T14:00:00,0.9979,23,Extreme Fear,2022-05-07,0.0020999999999999908,0.77,2.0,0.0074339999999999675
2022-05-07 18:15:00,2022-05-07T14:15:00,0.9985,23,Extreme Fear,2022-05-07,0.0014999999999999458,0.77,2.0,0.005309999999999808
2022-05-07 18:30:00,2022-05-07T14:30:00,0.9987,23,Extreme Fear,2022-05-07,0.0012999999999999678,0.77,2.0,0.0046019999999998866
2022-05-07 18:45:00,2022-05-07T14:45:00,0.9986,23,Extreme Fear,2022-05-07,0.0013999999999999568,0.77,2.0,0.004955999999999847
2022-05-07 19:00:00,2022-05-07T15:00:00,0.9982,23,Extreme Fear,2022-05-07,0.0018000000000000238,0.77,2.0,0.006372000000000084
2022-05-07 19:15:00,2022-05-07T15:15:00,0.9982,23,Extreme Fear,2022-05-07,0.0018000000000000238,0.77,2.0,0.006372000000000084
2022-05-07 19:30:00,2022-05-07T15:30:00,0.9975,23,Extreme Fear,2022-05-07,0.0024999999999999467,0.77,2.0,0.008849999999999811
2022-05-07 19:45:00,2022-05-07T15:45:00,0.9968,23,Extreme Fear,2022-05-07,0.0031999999999999806,0.77,2.0,0.011327999999999932
2022-05-07 20:00:00,2022-05-07T16:00:00,0.9968,23,Extreme Fear,2022-05-07,0.0031999999999999806,0.77,2.0,0.011327999999999932
2022-05-07 20:15:00,2022-05-07T16:15:00,0.9969,23,Extreme Fear,2022-05-07,0.0030999999999999917,0.77,2.0,0.01097399999999997
2022-05-07 20:30:00,2022-05-07T16:30:00,0.9972,23,Extreme Fear,2022-05-07,0.0028000000000000247,0.77,2.0,0.009912000000000087
2022-05-07 20:45:00,2022-05-07T16:45:00,0.9974,23,Extreme Fear,2022-05-07,0.0026000000000000467,0.77,2.0,0.009204000000000165
2022-05-07 21:00:00,2022-05-07T17:00:00,0.996,23,Extreme Fear,2022-05-07,0.0040000000000000036,0.77,2.0,0.014160000000000013
2022-05-07 21:15:00,2022-05-07T17:15:00,0.9944,23,Extreme Fear,2022-05-07,0.005600000000000049,0.77,2.0,0.019824000000000175
2022-05-07 21:30:00,2022-05-07T17:30:00,0.9956,23,Extreme Fear,2022-05-07,0.0043999999999999595,0.77,2.0,0.015575999999999857
2022-05-07 21:45:00,2022-05-07T17:45:00,0.9951,23,Extreme Fear,2022-05-07,0.0049000000000000155,0.77,2.0,0.017346000000000056
2022-05-07 22:00:00,2022-05-07T18:00:00,0.9953,23,Extreme Fear,2022-05-07,0.0047000000000000375,0.77,2.0,0.016638000000000132
2022-05-07 22:15:00,2022-05-07T18:15:00,0.994,23,Extreme Fear,2022-05-07,0.006000000000000005,0.77,2.0,0.02124000000000002
2022-05-07 22:30:00,2022-05-07T18:30:00,0.9934,23,Extreme Fear,2022-05-07,0.00660000000000005,0.77,2.0,0.02336400000000018
2022-05-07 22:45:00,2022-05-07T18:45:00,0.9875,23,Extreme Fear,2022-05-07,0.012499999999999956,0.77,2.0,0.044249999999999845
2022-05-07 23:00:00,2022-05-07T19:00:00,0.9895,23,Extreme Fear,2022-05-07,0.010499999999999954,0.77,2.0,0.037169999999999835
2022-05-07 23:15:00,2022-05-07T19:15:00,0.9947,23,Extreme Fear,2022-05-07,0.005299999999999971,0.77,2.0,0.0187619999999999
2022-05-07 23:30:00,2022-05-07T19:30:00,0.9947,23,Extreme Fear,2022-05-07,0.005299999999999971,0.77,2.0,0.0187619999999999
2022-05-07 23:45:00,2022-05-07T19:45:00,0.9944,23,Extreme Fear,2022-05-07,0.005600000000000049,0.77,2.0,0.019824000000000175
2022-05-08 00:00:00,2022-05-07T20:00:00,0.9937,23,Extreme Fear,2022-05-07,0.006299999999999972,0.77,2.0,0.022301999999999902
2022-05-08 00:15:00,2022-05-07T20:15:00,0.9939,23,Extreme Fear,2022-05-07,0.006099999999999994,0.77,2.0,0.02159399999999998
2022-05-08 00:30:00,2022-05-07T20:30:00,0.9934,23,Extreme Fear,2022-05-07,0.00660000000000005,0.77,2.0,0.02336400000000018
2022-05-08 00:45:00,2022-05-07T20:45:00,0.993,23,Extreme Fear,2022-05-07,0.007000000000000006,0.77,2.0,0.02478000000000002
2022-05-08 01:00:00,2022-05-07T21:00:00,0.9928,23,Extreme Fear,2022-05-07,0.007199999999999984,0.77,2.0,0.025487999999999945
2022-05-08 01:15:00,2022-05-07T21:15:00,0.9925,23,Extreme Fear,2022-05-07,0.007499999999999951,0.77,2.0,0.026549999999999827
2022-05-08 01:30:00,2022-05-07T21:30:00,0.9911,23,Extreme Fear,2022-05-07,0.008900000000000019,0.77,2.0,0.03150600000000007
2022-05-08 01:45:00,2022-05-07T21:45:00,0.9906,23,Extreme Fear,2022-05-07,0.009399999999999964,0.77,2.0,0.033275999999999875
2022-05-08 02:00:00,2022-05-07T22:00:00,0.9891,23,Extreme Fear,2022-05-07,0.01090000000000002,0.77,2.0,0.03858600000000007
2022-05-08 02:15:00,2022-05-07T22:15:00,0.9901,23,Extreme Fear,2022-05-07,0.00990000000000002,0.77,2.0,0.03504600000000007
2022-05-08 02:30:00,2022-05-07T22:30:00,0.9915,23,Extreme Fear,2022-05-07,0.008499999999999952,0.77,2.0,0.030089999999999832
2022-05-08 02:45:00,2022-05-07T22:45:00,0.9931,23,Extreme Fear,2022-05-07,0.006900000000000017,0.77,2.0,0.024426000000000062
2022-05-08 03:00:00,2022-05-07T23:00:00,0.9936,23,Extreme Fear,2022-05-07,0.006399999999999961,0.77,2.0,0.022655999999999864
2022-05-08 03:15:00,2022-05-07T23:15:00,0.9957,23,Extreme Fear,2022-05-07,0.0042999999999999705,0.77,2.0,0.015221999999999895
2022-05-08 03:30:00,2022-05-07T23:30:00,0.9961,23,Extreme Fear,2022-05-07,0.0039000000000000146,0.77,2.0,0.013806000000000051
2022-05-08 03:45:00,2022-05-07T23:45:00,0.996,23,Extreme Fear,2022-05-07,0.0040000000000000036,0.77,2.0,0.014160000000000013
2022-05-08 04:00:00,2022-05-08T00:00:00,0.996,23,Extreme Fear,2022-05-07,0.0040000000000000036,0.77,2.0,0.014160000000000013
2022-05-08 04:15:00,2022-05-08T00:15:00,0.9969,23,Extreme Fear,2022-05-07,0.0030999999999999917,0.77,2.0,0.01097399999999997
2022-05-08 04:30:00,2022-05-08T00:30:00,0.997,23,Extreme Fear,2022-05-07,0.0030000000000000027,0.77,2.0,0.01062000000000001
2022-05-08 04:45:00,2022-05-08T00:45:00,0.9974,23,Extreme Fear,2022-05-07,0.0026000000000000467,0.77,2.0,0.009204000000000165
2022-05-08 05:00:00,2022-05-08T01:00:00,0.9979,23,Extreme Fear,2022-05-07,0.0020999999999999908,0.77,2.0,0.0074339999999999675
2022-05-08 05:15:00,2022-05-08T01:15:00,0.9974,23,Extreme Fear,2022-05-07,0.0026000000000000467,0.77,2.0,0.009204000000000165
2022-05-08 05:30:00,2022-05-08T01:30:00,0.9972,18,Extreme Fear,2022-05-08,0.0028000000000000247,0.82,2.0,0.010192000000000088
2022-05-08 05:45:00,2022-05-08T01:45:00,0.9975,18,Extreme Fear,2022-05-08,0.0024999999999999467,0.82,2.0,0.009099999999999804
2022-05-08 06:00:00,2022-05-08T02:00:00,0.9972,18,Extreme Fear,2022-05-08,0.0028000000000000247,0.82,2.0,0.010192000000000088
2022-05-08 06:15:00,2022-05-08T02:15:00,0.9963,18,Extreme Fear,2022-05-08,0.0037000000000000366,0.82,2.0,0.013468000000000133
2022-05-08 06:30:00,2022-05-08T02:30:00,0.9965,18,Extreme Fear,2022-05-08,0.0034999999999999476,0.82,2.0,0.012739999999999809
2022-05-08 06:45:00,2022-05-08T02:45:00,0.9964,18,Extreme Fear,2022-05-08,0.0036000000000000476,0.82,2.0,0.013104000000000173
2022-05-08 07:00:00,2022-05-08T03:00:00,0.9961,18,Extreme Fear,2022-05-08,0.0039000000000000146,0.82,2.0,0.014196000000000052
2022-05-08 07:15:00,2022-05-08T03:15:00,0.9958,18,Extreme Fear,2022-05-08,0.0041999999999999815,0.82,2.0,0.015287999999999932
2022-05-08 07:30:00,2022-05-08T03:30:00,0.9959,18,Extreme Fear,2022-05-08,0.0040999999999999925,0.82,2.0,0.014923999999999972
2022-05-08 07:45:00,2022-05-08T03:45:00,0.996,18,Extreme Fear,2022-05-08,0.0040000000000000036,0.82,2.0,0.014560000000000012
2022-05-08 08:00:00,2022-05-08T04:00:00,0.9958,18,Extreme Fear,2022-05-08,0.0041999999999999815,0.82,2.0,0.015287999999999932
2022-05-08 08:15:00,2022-05-08T04:15:00,0.996,18,Extreme Fear,2022-05-08,0.0040000000000000036,0.82,2.0,0.014560000000000012
2022-05-08 08:30:00,2022-05-08T04:30:00,0.9956,18,Extreme Fear,2022-05-08,0.0043999999999999595,0.82,2.0,0.01601599999999985
2022-05-08 08:45:00,2022-05-08T04:45:00,0.9952,18,Extreme Fear,2022-05-08,0.0048000000000000265,0.82,2.0,0.017472000000000095
2022-05-08 09:00:00,2022-05-08T05:00:00,0.9952,18,Extreme Fear,2022-05-08,0.0048000000000000265,0.82,2.0,0.017472000000000095
2022-05-08 09:15:00,2022-05-08T05:15:00,0.995,18,Extreme Fear,2022-05-08,0.0050000000000000044,0.82,2.0,0.018200000000000015
2022-05-08 09:30:00,2022-05-08T05:30:00,0.9949,18,Extreme Fear,2022-05-08,0.005099999999999993,0.82,2.0,0.018563999999999973
2022-05-08 09:45:00,2022-05-08T05:45:00,0.9949,18,Extreme Fear,2022-05-08,0.005099999999999993,0.82,2.0,0.018563999999999973
2022-05-08 10:00:00,2022-05-08T06:00:00,0.995,18,Extreme Fear,2022-05-08,0.0050000000000000044,0.82,2.0,0.018200000000000015
2022-05-08 10:15:00,2022-05-08T06:15:00,0.9951,18,Extreme Fear,2022-05-08,0.0049000000000000155,0.82,2.0,0.017836000000000053
2022-05-08 10:30:00,2022-05-08T06:30:00,0.9949,18,Extreme Fear,2022-05-08,0.005099999999999993,0.82,2.0,0.018563999999999973
2022-05-08 10:45:00,2022-05-08T06:45:00,0.9934,18,Extreme Fear,2022-05-08,0.00660000000000005,0.82,2.0,0.02402400000000018
2022-05-08 11:00:00,2022-05-08T07:00:00,0.9934,18,Extreme Fear,2022-05-08,0.00660000000000005,0.82,2.0,0.02402400000000018
2022-05-08 11:15:00,2022-05-08T07:15:00,0.9935,18,Extreme Fear,2022-05-08,0.00649999999999995,0.82,2.0,0.023659999999999817
2022-05-08 11:30:00,2022-05-08T07:30:00,0.9934,18,Extreme Fear,2022-05-08,0.00660000000000005,0.82,2.0,0.02402400000000018
2022-05-08 11:45:00,2022-05-08T07:45:00,0.9931,18,Extreme Fear,2022-05-08,0.006900000000000017,0.82,2.0,0.025116000000000062
2022-05-08 12:00:00,2022-05-08T08:00:00,0.9932,18,Extreme Fear,2022-05-08,0.006800000000000028,0.82,2.0,0.0247520000000001
2022-05-08 12:15:00,2022-05-08T08:15:00,0.9928,18,Extreme Fear,2022-05-08,0.007199999999999984,0.82,2.0,0.02620799999999994
2022-05-08 12:30:00,2022-05-08T08:30:00,0.9927,18,Extreme Fear,2022-05-08,0.007299999999999973,0.82,2.0,0.0265719999999999
2022-05-08 12:45:00,2022-05-08T08:45:00,0.9927,18,Extreme Fear,2022-05-08,0.007299999999999973,0.82,2.0,0.0265719999999999
2022-05-08 13:00:00,2022-05-08T09:00:00,0.9925,18,Extreme Fear,2022-05-08,0.007499999999999951,0.82,2.0,0.02729999999999982
2022-05-08 13:15:00,2022-05-08T09:15:00,0.9924,18,Extreme Fear,2022-05-08,0.007600000000000051,0.82,2.0,0.027664000000000185
2022-05-08 13:30:00,2022-05-08T09:30:00,0.9925,18,Extreme Fear,2022-05-08,0.007499999999999951,0.82,2.0,0.02729999999999982
2022-05-08 13:45:00,2022-05-08T09:45:00,0.9935,18,Extreme Fear,2022-05-08,0.00649999999999995,0.82,2.0,0.023659999999999817
2022-05-08 14:00:00,2022-05-08T10:00:00,0.9917,18,Extreme Fear,2022-05-08,0.008299999999999974,0.82,2.0,0.030211999999999902
2022-05-08 14:15:00,2022-05-08T10:15:00,0.9921,18,Extreme Fear,2022-05-08,0.007900000000000018,0.82,2.0,0.028756000000000063
2022-05-08 14:30:00,2022-05-08T10:30:00,0.9937,18,Extreme Fear,2022-05-08,0.006299999999999972,0.82,2.0,0.022931999999999897
2022-05-08 14:45:00,2022-05-08T10:45:00,0.9965,18,Extreme Fear,2022-05-08,0.0034999999999999476,0.82,2.0,0.012739999999999809
2022-05-08 15:00:00,2022-05-08T11:00:00,0.998,18,Extreme Fear,2022-05-08,0.0020000000000000018,0.82,2.0,0.007280000000000006
2022-05-08 15:15:00,2022-05-08T11:15:00,0.998,18,Extreme Fear,2022-05-08,0.0020000000000000018,0.82,2.0,0.007280000000000006
2022-05-08 15:30:00,2022-05-08T11:30:00,0.998,18,Extreme Fear,2022-05-08,0.0020000000000000018,0.82,2.0,0.007280000000000006
2022-05-08 15:45:00,2022-05-08T11:45:00,0.998,18,Extreme Fear,2022-05-08,0.0020000000000000018,0.82,2.0,0.007280000000000006
2022-05-08 16:00:00,2022-05-08T12:00:00,0.998,18,Extreme Fear,2022-05-08,0.0020000000000000018,0.82,2.0,0.007280000000000006
2022-05-08 16:15:00,2022-05-08T12:15:00,0.9976,18,Extreme Fear,2022-05-08,0.0023999999999999577,0.82,2.0,0.008735999999999845
2022-05-08 16:30:00,2022-05-08T12:30:00,0.9975,18,Extreme Fear,2022-05-08,0.0024999999999999467,0.82,2.0,0.009099999999999804
2022-05-08 16:45:00,2022-05-08T12:45:00,0.997,18,Extreme Fear,2022-05-08,0.0030000000000000027,0.82,2.0,0.01092000000000001
2022-05-08 17:00:00,2022-05-08T13:00:00,0.997,18,Extreme Fear,2022-05-08,0.0030000000000000027,0.82,2.0,0.01092000000000001
2022-05-08 17:15:00,2022-05-08T13:15:00,0.9963,18,Extreme Fear,2022-05-08,0.0037000000000000366,0.82,2.0,0.013468000000000133
2022-05-08 17:30:01,2022-05-08T13:30:01,0.9961,18,Extreme Fear,2022-05-08,0.0039000000000000146,0.82,2.0,0.014196000000000052
2022-05-08 17:45:00,2022-05-08T13:45:00,0.9961,18,Extreme Fear,2022-05-08,0.0039000000000000146,0.82,2.0,0.014196000000000052
2022-05-08 18:00:00,2022-05-08T14:00:00,0.9955,18,Extreme Fear,2022-05-08,0.0044999999999999485,0.82,2.0,0.01637999999999981
2022-05-08 18:15:00,2022-05-08T14:15:00,0.9955,18,Extreme Fear,2022-05-08,0.0044999999999999485,0.82,2.0,0.01637999999999981
2022-05-08 18:30:00,2022-05-08T14:30:00,0.9952,18,Extreme Fear,2022-05-08,0.0048000000000000265,0.82,2.0,0.017472000000000095
2022-05-08 18:45:00,2022-05-08T14:45:00,0.9955,18,Extreme Fear,2022-05-08,0.0044999999999999485,0.82,2.0,0.01637999999999981
2022-05-08 19:00:00,2022-05-08T15:00:00,0.9952,18,Extreme Fear,2022-05-08,0.0048000000000000265,0.82,2.0,0.017472000000000095
2022-05-08 19:15:00,2022-05-08T15:15:00,0.9953,18,Extreme Fear,2022-05-08,0.0047000000000000375,0.82,2.0,0.017108000000000134
2022-05-08 19:30:00,2022-05-08T15:30:00,0.9953,18,Extreme Fear,2022-05-08,0.0047000000000000375,0.82,2.0,0.017108000000000134
2022-05-08 19:45:00,2022-05-08T15:45:00,0.9953,18,Extreme Fear,2022-05-08,0.0047000000000000375,0.82,2.0,0.017108000000000134
2022-05-08 20:00:00,2022-05-08T16:00:00,0.9953,18,Extreme Fear,2022-05-08,0.0047000000000000375,0.82,2.0,0.017108000000000134
2022-05-08 20:15:00,2022-05-08T16:15:00,0.9953,18,Extreme Fear,2022-05-08,0.0047000000000000375,0.82,2.0,0.017108000000000134
2022-05-08 20:30:00,2022-05-08T16:30:00,0.9952,18,Extreme Fear,2022-05-08,0.0048000000000000265,0.82,2.0,0.017472000000000095
2022-05-08 20:45:00,2022-05-08T16:45:00,0.9953,18,Extreme Fear,2022-05-08,0.0047000000000000375,0.82,2.0,0.017108000000000134
2022-05-08 21:00:00,2022-05-08T17:00:00,0.9952,18,Extreme Fear,2022-05-08,0.0048000000000000265,0.82,2.0,0.017472000000000095
2022-05-08 21:15:00,2022-05-08T17:15:00,0.9952,18,Extreme Fear,2022-05-08,0.0048000000000000265,0.82,2.0,0.017472000000000095
2022-05-08 21:30:00,2022-05-08T17:30:00,0.9955,18,Extreme Fear,2022-05-08,0.0044999999999999485,0.82,2.0,0.01637999999999981
2022-05-08 21:45:00,2022-05-08T17:45:00,0.996,18,Extreme Fear,2022-05-08,0.0040000000000000036,0.82,2.0,0.014560000000000012
2022-05-08 22:00:00,2022-05-08T18:00:00,0.9959,18,Extreme Fear,2022-05-08,0.0040999999999999925,0.82,2.0,0.014923999999999972
2022-05-08 22:15:00,2022-05-08T18:15:00,0.9952,18,Extreme Fear,2022-05-08,0.0048000000000000265,0.82,2.0,0.017472000000000095
2022-05-08 22:30:00,2022-05-08T18:30:00,0.9951,18,Extreme Fear,2022-05-08,0.0049000000000000155,0.82,2.0,0.017836000000000053
2022-05-08 22:45:00,2022-05-08T18:45:00,0.995,18,Extreme Fear,2022-05-08,0.0050000000000000044,0.82,2.0,0.018200000000000015
2022-05-08 23:00:00,2022-05-08T19:00:00,0.9954,18,Extreme Fear,2022-05-08,0.0046000000000000485,0.82,2.0,0.016744000000000175
2022-05-08 23:15:00,2022-05-08T19:15:00,0.9955,18,Extreme Fear,2022-05-08,0.0044999999999999485,0.82,2.0,0.01637999999999981
2022-05-08 23:30:00,2022-05-08T19:30:00,0.9953,18,Extreme Fear,2022-05-08,0.0047000000000000375,0.82,2.0,0.017108000000000134
2022-05-08 23:45:00,2022-05-08T19:45:00,0.9954,18,Extreme Fear,2022-05-08,0.0046000000000000485,0.82,2.0,0.016744000000000175
2022-05-09 00:00:00,2022-05-08T20:00:00,0.9956,18,Extreme Fear,2022-05-08,0.0043999999999999595,0.82,2.0,0.01601599999999985
2022-05-09 00:15:00,2022-05-08T20:15:00,0.9955,18,Extreme Fear,2022-05-08,0.0044999999999999485,0.82,2.0,0.01637999999999981
2022-05-09 00:30:00,2022-05-08T20:30:00,0.9953,18,Extreme Fear,2022-05-08,0.0047000000000000375,0.82,2.0,0.017108000000000134
2022-05-09 00:45:00,2022-05-08T20:45:00,0.9954,18,Extreme Fear,2022-05-08,0.0046000000000000485,0.82,2.0,0.016744000000000175
2022-05-09 01:00:00,2022-05-08T21:00:00,0.9953,18,Extreme Fear,2022-05-08,0.0047000000000000375,0.82,2.0,0.017108000000000134
2022-05-09 01:15:00,2022-05-08T21:15:00,0.9952,18,Extreme Fear,2022-05-08,0.0048000000000000265,0.82,2.0,0.017472000000000095
2022-05-09 01:30:00,2022-05-08T21:30:00,0.9952,18,Extreme Fear,2022-05-08,0.0048000000000000265,0.82,2.0,0.017472000000000095
2022-05-09 01:45:00,2022-05-08T21:45:00,0.9953,18,Extreme Fear,2022-05-08,0.0047000000000000375,0.82,2.0,0.017108000000000134
2022-05-09 02:00:00,2022-05-08T22:00:00,0.9958,18,Extreme Fear,2022-05-08,0.0041999999999999815,0.82,2.0,0.015287999999999932
2022-05-09 02:15:00,2022-05-08T22:15:00,0.9957,18,Extreme Fear,2022-05-08,0.0042999999999999705,0.82,2.0,0.01565199999999989
2022-05-09 02:30:00,2022-05-08T22:30:00,0.9956,18,Extreme Fear,2022-05-08,0.0043999999999999595,0.82,2.0,0.01601599999999985
2022-05-09 02:45:00,2022-05-08T22:45:00,0.9954,18,Extreme Fear,2022-05-08,0.0046000000000000485,0.82,2.0,0.016744000000000175
2022-05-09 03:00:00,2022-05-08T23:00:00,0.9953,18,Extreme Fear,2022-05-08,0.0047000000000000375,0.82,2.0,0.017108000000000134
2022-05-09 03:15:00,2022-05-08T23:15:00,0.9958,18,Extreme Fear,2022-05-08,0.0041999999999999815,0.82,2.0,0.015287999999999932
2022-05-09 03:30:00,2022-05-08T23:30:00,0.9958,18,Extreme Fear,2022-05-08,0.0041999999999999815,0.82,2.0,0.015287999999999932
2022-05-09 03:45:00,2022-05-08T23:45:00,0.9958,18,Extreme Fear,2022-05-08,0.0041999999999999815,0.82,2.0,0.015287999999999932
2022-05-09 04:00:00,2022-05-09T00:00:00,0.9956,18,Extreme Fear,2022-05-08,0.0043999999999999595,0.82,2.0,0.01601599999999985
2022-05-09 04:15:00,2022-05-09T00:15:00,0.9961,18,Extreme Fear,2022-05-08,0.0039000000000000146,0.82,2.0,0.014196000000000052
2022-05-09 04:30:00,2022-05-09T00:30:00,0.9959,18,Extreme Fear,2022-05-08,0.0040999999999999925,0.82,2.0,0.014923999999999972
2022-05-09 04:45:00,2022-05-09T00:45:00,0.9955,18,Extreme Fear,2022-05-08,0.0044999999999999485,0.82,2.0,0.01637999999999981
2022-05-09 05:00:00,2022-05-09T01:00:00,0.9956,18,Extreme Fear,2022-05-08,0.0043999999999999595,0.82,2.0,0.01601599999999985
2022-05-09 05:15:00,2022-05-09T01:15:00,0.9957,18,Extreme Fear,2022-05-08,0.0042999999999999705,0.82,2.0,0.01565199999999989
2022-05-09 05:30:00,2022-05-09T01:30:00,0.9953,11,Extreme Fear,2022-05-09,0.0047000000000000375,0.89,2.0,0.017766000000000143
2022-05-09 05:45:00,2022-05-09T01:45:00,0.9953,11,Extreme Fear,2022-05-09,0.0047000000000000375,0.89,2.0,0.017766000000000143
2022-05-09 06:00:00,2022-05-09T02:00:00,0.995,11,Extreme Fear,2022-05-09,0.0050000000000000044,0.89,2.0,0.018900000000000017
2022-05-09 06:15:00,2022-05-09T02:15:00,0.995,11,Extreme Fear,2022-05-09,0.0050000000000000044,0.89,2.0,0.018900000000000017
2022-05-09 06:30:00,2022-05-09T02:30:00,0.9951,11,Extreme Fear,2022-05-09,0.0049000000000000155,0.89,2.0,0.01852200000000006
2022-05-09 06:45:00,2022-05-09T02:45:00,0.9951,11,Extreme Fear,2022-05-09,0.0049000000000000155,0.89,2.0,0.01852200000000006
2022-05-09 07:00:00,2022-05-09T03:00:00,0.995,11,Extreme Fear,2022-05-09,0.0050000000000000044,0.89,2.0,0.018900000000000017
2022-05-09 07:15:00,2022-05-09T03:15:00,0.995,11,Extreme Fear,2022-05-09,0.0050000000000000044,0.89,2.0,0.018900000000000017
2022-05-09 07:30:00,2022-05-09T03:30:00,0.995,11,Extreme Fear,2022-05-09,0.0050000000000000044,0.89,2.0,0.018900000000000017
2022-05-09 07:45:00,2022-05-09T03:45:00,0.995,11,Extreme Fear,2022-05-09,0.0050000000000000044,0.89,2.0,0.018900000000000017
2022-05-09 08:00:00,2022-05-09T04:00:00,0.995,11,Extreme Fear,2022-05-09,0.0050000000000000044,0.89,2.0,0.018900000000000017
2022-05-09 08:15:00,2022-05-09T04:15:00,0.995,11,Extreme Fear,2022-05-09,0.0050000000000000044,0.89,2.0,0.018900000000000017
2022-05-09 08:30:00,2022-05-09T04:30:00,0.9951,11,Extreme Fear,2022-05-09,0.0049000000000000155,0.89,2.0,0.01852200000000006
2022-05-09 08:45:00,2022-05-09T04:45:00,0.9947,11,Extreme Fear,2022-05-09,0.005299999999999971,0.89,2.0,0.020033999999999892
2022-05-09 09:00:01,2022-05-09T05:00:01,0.9949,11,Extreme Fear,2022-05-09,0.005099999999999993,0.89,2.0,0.019277999999999976
2022-05-09 09:15:00,2022-05-09T05:15:00,0.9951,11,Extreme Fear,2022-05-09,0.0049000000000000155,0.89,2.0,0.01852200000000006
2022-05-09 09:30:00,2022-05-09T05:30:00,0.995,11,Extreme Fear,2022-05-09,0.0050000000000000044,0.89,2.0,0.018900000000000017
2022-05-09 09:45:00,2022-05-09T05:45:00,0.9949,11,Extreme Fear,2022-05-09,0.005099999999999993,0.89,2.0,0.019277999999999976
2022-05-09 10:00:01,2022-05-09T06:00:01,0.995,11,Extreme Fear,2022-05-09,0.0050000000000000044,0.89,2.0,0.018900000000000017
2022-05-09 10:15:00,2022-05-09T06:15:00,0.995,11,Extreme Fear,2022-05-09,0.0050000000000000044,0.89,2.0,0.018900000000000017
2022-05-09 10:30:00,2022-05-09T06:30:00,0.995,11,Extreme Fear,2022-05-09,0.0050000000000000044,0.89,2.0,0.018900000000000017
2022-05-09 10:45:00,2022-05-09T06:45:00,0.9954,11,Extreme Fear,2022-05-09,0.0046000000000000485,0.89,2.0,0.017388000000000185
2022-05-09 11:00:00,2022-05-09T07:00:00,0.995,11,Extreme Fear,2022-05-09,0.0050000000000000044,0.89,2.0,0.018900000000000017
2022-05-09 11:15:00,2022-05-09T07:15:00,0.995,11,Extreme Fear,2022-05-09,0.0050000000000000044,0.89,2.0,0.018900000000000017
2022-05-09 11:30:00,2022-05-09T07:30:00,0.995,11,Extreme Fear,2022-05-09,0.0050000000000000044,0.89,2.0,0.018900000000000017
2022-05-09 11:45:00,2022-05-09T07:45:00,0.9947,11,Extreme Fear,2022-05-09,0.005299999999999971,0.89,2.0,0.020033999999999892
2022-05-09 12:00:00,2022-05-09T08:00:00,0.9948,11,Extreme Fear,2022-05-09,0.005199999999999982,0.89,2.0,0.019655999999999934
2022-05-09 12:15:00,2022-05-09T08:15:00,0.9951,11,Extreme Fear,2022-05-09,0.0049000000000000155,0.89,2.0,0.01852200000000006
2022-05-09 12:30:00,2022-05-09T08:30:00,0.995,11,Extreme Fear,2022-05-09,0.0050000000000000044,0.89,2.0,0.018900000000000017
2022-05-09 12:45:00,2022-05-09T08:45:00,0.9949,11,Extreme Fear,2022-05-09,0.005099999999999993,0.89,2.0,0.019277999999999976
2022-05-09 13:00:00,2022-05-09T09:00:00,0.9944,11,Extreme Fear,2022-05-09,0.005600000000000049,0.89,2.0,0.021168000000000187
2022-05-09 13:15:00,2022-05-09T09:15:00,0.9941,11,Extreme Fear,2022-05-09,0.005900000000000016,0.89,2.0,0.022302000000000065
2022-05-09 13:30:00,2022-05-09T09:30:00,0.9927,11,Extreme Fear,2022-05-09,0.007299999999999973,0.89,2.0,0.0275939999999999
2022-05-09 13:45:00,2022-05-09T09:45:00,0.9928,11,Extreme Fear,2022-05-09,0.007199999999999984,0.89,2.0,0.02721599999999994
2022-05-09 14:00:00,2022-05-09T10:00:00,0.9906,11,Extreme Fear,2022-05-09,0.009399999999999964,0.89,2.0,0.03553199999999987
2022-05-09 14:15:00,2022-05-09T10:15:00,0.9907,11,Extreme Fear,2022-05-09,0.009299999999999975,0.89,2.0,0.03515399999999991
2022-05-09 14:30:00,2022-05-09T10:30:00,0.9899,11,Extreme Fear,2022-05-09,0.010099999999999998,0.89,2.0,0.038178
2022-05-09 14:45:00,2022-05-09T10:45:00,0.99,11,Extreme Fear,2022-05-09,0.010000000000000009,0.89,2.0,0.037800000000000035
2022-05-09 15:00:00,2022-05-09T11:00:00,0.99,11,Extreme Fear,2022-05-09,0.010000000000000009,0.89,2.0,0.037800000000000035
2022-05-09 15:15:00,2022-05-09T11:15:00,0.99,11,Extreme Fear,2022-05-09,0.010000000000000009,0.89,2.0,0.037800000000000035
2022-05-09 15:30:00,2022-05-09T11:30:00,0.99,11,Extreme Fear,2022-05-09,0.010000000000000009,0.89,2.0,0.037800000000000035
2022-05-09 15:45:00,2022-05-09T11:45:00,0.9844,11,Extreme Fear,2022-05-09,0.015599999999999947,0.89,2.0,0.058967999999999805
2022-05-09 16:00:00,2022-05-09T12:00:00,0.9861,11,Extreme Fear,2022-05-09,0.013900000000000023,0.89,2.0,0.05254200000000009
2022-05-09 16:15:00,2022-05-09T12:15:00,0.9804,11,Extreme Fear,2022-05-09,0.01959999999999995,0.89,2.0,0.07408799999999982
2022-05-09 16:30:00,2022-05-09T12:30:00,0.9819,11,Extreme Fear,2022-05-09,0.018100000000000005,0.89,2.0,0.06841800000000002
2022-05-09 16:45:00,2022-05-09T12:45:00,0.9811,11,Extreme Fear,2022-05-09,0.018900000000000028,0.89,2.0,0.07144200000000012
2022-05-09 17:00:00,2022-05-09T13:00:00,0.981,11,Extreme Fear,2022-05-09,0.019000000000000017,0.89,2.0,0.07182000000000006
2022-05-09 17:15:00,2022-05-09T13:15:00,0.9811,11,Extreme Fear,2022-05-09,0.018900000000000028,0.89,2.0,0.07144200000000012
2022-05-09 17:30:00,2022-05-09T13:30:00,0.9801,11,Extreme Fear,2022-05-09,0.01990000000000003,0.89,2.0,0.07522200000000011
2022-05-09 17:45:00,2022-05-09T13:45:00,0.98,11,Extreme Fear,2022-05-09,0.020000000000000018,0.89,2.0,0.07560000000000007
2022-05-09 18:00:00,2022-05-09T14:00:00,0.98,11,Extreme Fear,2022-05-09,0.020000000000000018,0.89,2.0,0.07560000000000007
2022-05-09 18:15:00,2022-05-09T14:15:00,0.98,11,Extreme Fear,2022-05-09,0.020000000000000018,0.89,2.0,0.07560000000000007
2022-05-09 18:30:01,2022-05-09T14:30:01,0.9701,11,Extreme Fear,2022-05-09,0.029900000000000038,0.89,2.0,0.11302200000000015
2022-05-09 18:45:00,2022-05-09T14:45:00,0.9246,11,Extreme Fear,2022-05-09,0.07540000000000002,0.89,2.0,0.2850120000000001
2022-05-09 19:00:00,2022-05-09T15:00:00,0.947,11,Extreme Fear,2022-05-09,0.05300000000000005,0.89,2.0,0.20034000000000018
2022-05-09 19:15:00,2022-05-09T15:15:00,0.9489,11,Extreme Fear,2022-05-09,0.051100000000000034,0.89,2.0,0.19315800000000014
2022-05-09 19:30:00,2022-05-09T15:30:00,0.9499,11,Extreme Fear,2022-05-09,0.05010000000000003,0.89,2.0,0.18937800000000013
2022-05-09 19:45:00,2022-05-09T15:45:00,0.9386,11,Extreme Fear,2022-05-09,0.06140000000000001,0.89,2.0,0.23209200000000005
2022-05-09 20:00:00,2022-05-09T16:00:00,0.9497,11,Extreme Fear,2022-05-09,0.05030000000000001,0.89,2.0,0.19013400000000005
2022-05-09 20:15:00,2022-05-09T16:15:00,0.9535,11,Extreme Fear,2022-05-09,0.046499999999999986,0.89,2.0,0.17576999999999995
2022-05-09 20:30:00,2022-05-09T16:30:00,0.947,11,Extreme Fear,2022-05-09,0.05300000000000005,0.89,2.0,0.20034000000000018
2022-05-09 20:45:00,2022-05-09T16:45:00,0.9493,11,Extreme Fear,2022-05-09,0.05069999999999997,0.89,2.0,0.1916459999999999
2022-05-09 21:00:00,2022-05-09T17:00:00,0.9374,11,Extreme Fear,2022-05-09,0.06259999999999999,0.89,2.0,0.23662799999999998
2022-05-09 21:15:00,2022-05-09T17:15:00,0.95,11,Extreme Fear,2022-05-09,0.050000000000000044,0.89,2.0,0.18900000000000017
2022-05-09 21:30:00,2022-05-09T17:30:00,0.9499,11,Extreme Fear,2022-05-09,0.05010000000000003,0.89,2.0,0.18937800000000013
2022-05-09 21:45:00,2022-05-09T17:45:00,0.928,11,Extreme Fear,2022-05-09,0.07199999999999995,0.89,2.0,0.27215999999999985
2022-05-09 22:00:00,2022-05-09T18:00:00,0.8832,11,Extreme Fear,2022-05-09,0.11680000000000001,0.89,2.0,0.44150400000000006
2022-05-09 22:15:00,2022-05-09T18:15:00,0.9305,11,Extreme Fear,2022-05-09,0.0695,0.89,2.0,0.26271000000000005
2022-05-09 22:30:00,2022-05-09T18:30:00,0.9002,11,Extreme Fear,2022-05-09,0.0998,0.89,2.0,0.377244
2022-05-09 22:45:00,2022-05-09T18:45:00,0.9016,11,Extreme Fear,2022-05-09,0.09840000000000004,0.89,2.0,0.37195200000000017
2022-05-09 23:00:00,2022-05-09T19:00:00,0.8841,11,Extreme Fear,2022-05-09,0.1159,0.89,2.0,0.43810200000000005
2022-05-09 23:15:00,2022-05-09T19:15:00,0.8638,11,Extreme Fear,2022-05-09,0.1362,0.89,2.0,0.514836
2022-05-09 23:30:00,2022-05-09T19:30:00,0.85,11,Extreme Fear,2022-05-09,0.15000000000000002,0.89,2.0,0.5670000000000002
2022-05-09 23:45:00,2022-05-09T19:45:00,0.8455,11,Extreme Fear,2022-05-09,0.15449999999999997,0.89,2.0,0.5840099999999999
2022-05-10 00:00:00,2022-05-09T20:00:00,0.7631,11,Extreme Fear,2022-05-09,0.2369,0.89,2.0,0.8954820000000001
2022-05-10 00:15:00,2022-05-09T20:15:00,0.7055,11,Extreme Fear,2022-05-09,0.2945,0.89,2.0,1.11321
2022-05-10 00:30:00,2022-05-09T20:30:00,0.671,11,Extreme Fear,2022-05-09,0.32899999999999996,0.89,2.0,1.24362
2022-05-10 00:45:00,2022-05-09T20:45:00,0.7401,11,Extreme Fear,2022-05-09,0.2599,0.89,2.0,0.9824220000000001
2022-05-10 01:00:00,2022-05-09T21:00:00,0.795,11,Extreme Fear,2022-05-09,0.20499999999999996,0.89,2.0,0.7748999999999999
2022-05-10 01:15:00,2022-05-09T21:15:00,0.762,11,Extreme Fear,2022-05-09,0.238,0.89,2.0,0.89964
2022-05-10 01:30:00,2022-05-09T21:30:00,0.7808,11,Extreme Fear,2022-05-09,0.21919999999999995,0.89,2.0,0.8285759999999999
2022-05-10 01:45:00,2022-05-09T21:45:00,0.7733,11,Extreme Fear,2022-05-09,0.2267,0.89,2.0,0.8569260000000001
2022-05-10 02:00:00,2022-05-09T22:00:00,0.7932,11,Extreme Fear,2022-05-09,0.20679999999999998,0.89,2.0,0.781704
2022-05-10 02:15:00,2022-05-09T22:15:00,0.7848,11,Extreme Fear,2022-05-09,0.21519999999999995,0.89,2.0,0.8134559999999998
2022-05-10 02:30:00,2022-05-09T22:30:00,0.7832,11,Extreme Fear,2022-05-09,0.2168,0.89,2.0,0.819504
2022-05-10 02:45:00,2022-05-09T22:45:00,0.7642,11,Extreme Fear,2022-05-09,0.2358,0.89,2.0,0.8913240000000001
2022-05-10 03:00:00,2022-05-09T23:00:00,0.7465,11,Extreme Fear,2022-05-09,0.25349999999999995,0.89,2.0,0.9582299999999999
2022-05-10 03:15:00,2022-05-09T23:15:00,0.7273,11,Extreme Fear,2022-05-09,0.27270000000000005,0.89,2.0,1.0308060000000003
2022-05-10 03:30:00,2022-05-09T23:30:00,0.7154,11,Extreme Fear,2022-05-09,0.28459999999999996,0.89,2.0,1.075788
2022-05-10 03:45:00,2022-05-09T23:45:00,0.7517,11,Extreme Fear,2022-05-09,0.24829999999999997,0.89,2.0,0.9385739999999999
2022-05-10 04:00:00,2022-05-10T00:00:00,0.7501,11,Extreme Fear,2022-05-09,0.2499,0.89,2.0,0.9446220000000001
2022-05-10 04:15:00,2022-05-10T00:15:00,0.7522,11,Extreme Fear,2022-05-09,0.24780000000000002,0.89,2.0,0.9366840000000002
2022-05-10 04:30:00,2022-05-10T00:30:00,0.7878,11,Extreme Fear,2022-05-09,0.21220000000000006,0.89,2.0,0.8021160000000003
2022-05-10 04:45:00,2022-05-10T00:45:00,0.8196,11,Extreme Fear,2022-05-09,0.1804,0.89,2.0,0.6819120000000001
2022-05-10 05:00:00,2022-05-10T01:00:00,0.8492,11,Extreme Fear,2022-05-09,0.15080000000000005,0.89,2.0,0.5700240000000002
2022-05-10 05:15:00,2022-05-10T01:15:00,0.8483,11,Extreme Fear,2022-05-09,0.15169999999999995,0.89,2.0,0.5734259999999999
2022-05-10 05:30:00,2022-05-10T01:30:00,0.864,10,Extreme Fear,2022-05-10,0.136,0.9,2.0,0.5168
2022-05-10 05:45:00,2022-05-10T01:45:00,0.8989,10,Extreme Fear,2022-05-10,0.10109999999999997,0.9,2.0,0.38417999999999985
2022-05-10 06:00:00,2022-05-10T02:00:00,0.9033,10,Extreme Fear,2022-05-10,0.09670000000000001,0.9,2.0,0.36746
2022-05-10 06:15:00,2022-05-10T02:15:00,0.9184,10,Extreme Fear,2022-05-10,0.0816,0.9,2.0,0.31008
2022-05-10 06:30:00,2022-05-10T02:30:00,0.9283,10,Extreme Fear,2022-05-10,0.07169999999999999,0.9,2.0,0.2724599999999999
2022-05-10 06:45:00,2022-05-10T02:45:00,0.9377,10,Extreme Fear,2022-05-10,0.06230000000000002,0.9,2.0,0.23674000000000006
2022-05-10 07:00:00,2022-05-10T03:00:00,0.9386,10,Extreme Fear,2022-05-10,0.06140000000000001,0.9,2.0,0.23332000000000003
2022-05-10 07:15:00,2022-05-10T03:15:00,0.9122,10,Extreme Fear,2022-05-10,0.08779999999999999,0.9,2.0,0.33363999999999994
2022-05-10 07:30:00,2022-05-10T03:30:00,0.902,10,Extreme Fear,2022-05-10,0.09799999999999998,0.9,2.0,0.3723999999999999
2022-05-10 07:45:00,2022-05-10T03:45:00,0.8875,10,Extreme Fear,2022-05-10,0.11250000000000004,0.9,2.0,0.42750000000000016
2022-05-10 08:00:00,2022-05-10T04:00:00,0.9027,10,Extreme Fear,2022-05-10,0.09730000000000005,0.9,2.0,0.3697400000000002
2022-05-10 08:15:00,2022-05-10T04:15:00,0.9118,10,Extreme Fear,2022-05-10,0.08819999999999995,0.9,2.0,0.3351599999999998
2022-05-10 08:30:00,2022-05-10T04:30:00,0.9198,10,Extreme Fear,2022-05-10,0.08020000000000005,0.9,2.0,0.3047600000000002
2022-05-10 08:45:00,2022-05-10T04:45:00,0.9218,10,Extreme Fear,2022-05-10,0.07820000000000005,0.9,2.0,0.29716000000000015
2022-05-10 09:00:00,2022-05-10T05:00:00,0.9182,10,Extreme Fear,2022-05-10,0.08179999999999998,0.9,2.0,0.31083999999999995
2022-05-10 09:15:00,2022-05-10T05:15:00,0.9192,10,Extreme Fear,2022-05-10,0.08079999999999998,0.9,2.0,0.3070399999999999
2022-05-10 09:30:00,2022-05-10T05:30:00,0.8803,10,Extreme Fear,2022-05-10,0.11970000000000003,0.9,2.0,0.4548600000000001
2022-05-10 09:45:00,2022-05-10T05:45:00,0.8913,10,Extreme Fear,2022-05-10,0.10870000000000002,0.9,2.0,0.41306000000000004
2022-05-10 10:00:00,2022-05-10T06:00:00,0.8931,10,Extreme Fear,2022-05-10,0.1069,0.9,2.0,0.40621999999999997
2022-05-10 10:15:00,2022-05-10T06:15:00,0.9022,10,Extreme Fear,2022-05-10,0.0978,0.9,2.0,0.37163999999999997
2022-05-10 10:30:00,2022-05-10T06:30:00,0.8979,10,Extreme Fear,2022-05-10,0.10209999999999997,0.9,2.0,0.3879799999999999
2022-05-10 10:45:00,2022-05-10T06:45:00,0.9028,10,Extreme Fear,2022-05-10,0.09719999999999995,0.9,2.0,0.3693599999999998
2022-05-10 11:00:00,2022-05-10T07:00:00,0.902,10,Extreme Fear,2022-05-10,0.09799999999999998,0.9,2.0,0.3723999999999999
2022-05-10 11:15:00,2022-05-10T07:15:00,0.9041,10,Extreme Fear,2022-05-10,0.09589999999999999,0.9,2.0,0.3644199999999999
2022-05-10 11:30:00,2022-05-10T07:30:00,0.9102,10,Extreme Fear,2022-05-10,0.08979999999999999,0.9,2.0,0.34123999999999993
2022-05-10 11:45:00,2022-05-10T07:45:00,0.9178,10,Extreme Fear,2022-05-10,0.08220000000000005,0.9,2.0,0.3123600000000002
2022-05-10 12:00:00,2022-05-10T08:00:00,0.92,10,Extreme Fear,2022-05-10,0.07999999999999996,0.9,2.0,0.3039999999999998
2022-05-10 12:15:00,2022-05-10T08:15:00,0.9193,10,Extreme Fear,2022-05-10,0.0807,0.9,2.0,0.30666
2022-05-10 12:30:00,2022-05-10T08:30:00,0.9286,10,Extreme Fear,2022-05-10,0.07140000000000002,0.9,2.0,0.27132000000000006
2022-05-10 12:45:00,2022-05-10T08:45:00,0.9206,10,Extreme Fear,2022-05-10,0.07940000000000003,0.9,2.0,0.3017200000000001
2022-05-10 13:00:00,2022-05-10T09:00:00,0.9222,10,Extreme Fear,2022-05-10,0.07779999999999998,0.9,2.0,0.2956399999999999
2022-05-10 13:15:00,2022-05-10T09:15:00,0.934,10,Extreme Fear,2022-05-10,0.06599999999999995,0.9,2.0,0.2507999999999998
2022-05-10 13:30:00,2022-05-10T09:30:00,0.9309,10,Extreme Fear,2022-05-10,0.06910000000000005,0.9,2.0,0.2625800000000002
2022-05-10 13:45:00,2022-05-10T09:45:00,0.9283,10,Extreme Fear,2022-05-10,0.07169999999999999,0.9,2.0,0.2724599999999999
2022-05-10 14:00:00,2022-05-10T10:00:00,0.9284,10,Extreme Fear,2022-05-10,0.0716,0.9,2.0,0.27208
2022-05-10 14:15:00,2022-05-10T10:15:00,0.9292,10,Extreme Fear,2022-05-10,0.07079999999999997,0.9,2.0,0.2690399999999999
2022-05-10 14:30:00,2022-05-10T10:30:00,0.9134,10,Extreme Fear,2022-05-10,0.08660000000000001,0.9,2.0,0.32908000000000004
2022-05-10 14:45:00,2022-05-10T10:45:00,0.9225,10,Extreme Fear,2022-05-10,0.07750000000000001,0.9,2.0,0.29450000000000004
2022-05-10 15:00:00,2022-05-10T11:00:00,0.9094,10,Extreme Fear,2022-05-10,0.09060000000000001,0.9,2.0,0.34428000000000003
2022-05-10 15:15:00,2022-05-10T11:15:00,0.8995,10,Extreme Fear,2022-05-10,0.10050000000000003,0.9,2.0,0.38190000000000013
2022-05-10 15:30:00,2022-05-10T11:30:00,0.8989,10,Extreme Fear,2022-05-10,0.10109999999999997,0.9,2.0,0.38417999999999985
2022-05-10 15:45:00,2022-05-10T11:45:00,0.9097,10,Extreme Fear,2022-05-10,0.09030000000000005,0.9,2.0,0.34314000000000017
2022-05-10 16:00:00,2022-05-10T12:00:00,0.906,10,Extreme Fear,2022-05-10,0.09399999999999997,0.9,2.0,0.35719999999999985
2022-05-10 16:15:00,2022-05-10T12:15:00,0.902,10,Extreme Fear,2022-05-10,0.09799999999999998,0.9,2.0,0.3723999999999999
2022-05-10 16:30:00,2022-05-10T12:30:00,0.9027,10,Extreme Fear,2022-05-10,0.09730000000000005,0.9,2.0,0.3697400000000002
2022-05-10 16:45:00,2022-05-10T12:45:00,0.9006,10,Extreme Fear,2022-05-10,0.09940000000000004,0.9,2.0,0.37772000000000017
2022-05-10 17:00:00,2022-05-10T13:00:00,0.906,10,Extreme Fear,2022-05-10,0.09399999999999997,0.9,2.0,0.35719999999999985
2022-05-10 17:15:00,2022-05-10T13:15:00,0.9053,10,Extreme Fear,2022-05-10,0.0947,0.9,2.0,0.35986
2022-05-10 17:30:00,2022-05-10T13:30:00,0.912,10,Extreme Fear,2022-05-10,0.08799999999999997,0.9,2.0,0.33439999999999986
2022-05-10 17:45:00,2022-05-10T13:45:00,0.9175,10,Extreme Fear,2022-05-10,0.08250000000000002,0.9,2.0,0.31350000000000006
2022-05-10 18:00:00,2022-05-10T14:00:00,0.9152,10,Extreme Fear,2022-05-10,0.08479999999999999,0.9,2.0,0.3222399999999999
2022-05-10 18:15:00,2022-05-10T14:15:00,0.9161,10,Extreme Fear,2022-05-10,0.08389999999999997,0.9,2.0,0.3188199999999999
2022-05-10 18:30:00,2022-05-10T14:30:00,0.9149,10,Extreme Fear,2022-05-10,0.08509999999999995,0.9,2.0,0.32337999999999983
2022-05-10 18:45:00,2022-05-10T14:45:00,0.917,10,Extreme Fear,2022-05-10,0.08299999999999996,0.9,2.0,0.31539999999999985
2022-05-10 19:00:00,2022-05-10T15:00:00,0.9164,10,Extreme Fear,2022-05-10,0.08360000000000001,0.9,2.0,0.31768
2022-05-10 19:15:00,2022-05-10T15:15:00,0.9057,10,Extreme Fear,2022-05-10,0.09430000000000005,0.9,2.0,0.35834000000000016
2022-05-10 19:30:00,2022-05-10T15:30:00,0.9031,10,Extreme Fear,2022-05-10,0.09689999999999999,0.9,2.0,0.36821999999999994
2022-05-10 19:45:00,2022-05-10T15:45:00,0.9025,10,Extreme Fear,2022-05-10,0.09750000000000003,0.9,2.0,0.3705000000000001
2022-05-10 20:00:00,2022-05-10T16:00:00,0.9073,10,Extreme Fear,2022-05-10,0.0927,0.9,2.0,0.35226
2022-05-10 20:15:00,2022-05-10T16:15:00,0.9107,10,Extreme Fear,2022-05-10,0.08930000000000005,0.9,2.0,0.33934000000000014
2022-05-10 20:30:00,2022-05-10T16:30:00,0.9157,10,Extreme Fear,2022-05-10,0.08430000000000004,0.9,2.0,0.3203400000000001
2022-05-10 20:45:00,2022-05-10T16:45:00,0.9128,10,Extreme Fear,2022-05-10,0.08720000000000006,0.9,2.0,0.3313600000000002
2022-05-10 21:00:00,2022-05-10T17:00:00,0.9078,10,Extreme Fear,2022-05-10,0.09219999999999995,0.9,2.0,0.3503599999999998
2022-05-10 21:15:00,2022-05-10T17:15:00,0.8951,10,Extreme Fear,2022-05-10,0.1049,0.9,2.0,0.39862
2022-05-10 21:30:00,2022-05-10T17:30:00,0.834,10,Extreme Fear,2022-05-10,0.16600000000000004,0.9,2.0,0.6308000000000001
2022-05-10 21:45:00,2022-05-10T17:45:00,0.8058,10,Extreme Fear,2022-05-10,0.19420000000000004,0.9,2.0,0.7379600000000001
2022-05-10 22:00:00,2022-05-10T18:00:00,0.7965,10,Extreme Fear,2022-05-10,0.20350000000000001,0.9,2.0,0.7733
2022-05-10 22:15:00,2022-05-10T18:15:00,0.8044,10,Extreme Fear,2022-05-10,0.1956,0.9,2.0,0.7432799999999999
2022-05-10 22:30:00,2022-05-10T18:30:00,0.7719,10,Extreme Fear,2022-05-10,0.22809999999999997,0.9,2.0,0.8667799999999999
2022-05-10 22:45:00,2022-05-10T18:45:00,0.6974,10,Extreme Fear,2022-05-10,0.3026,0.9,2.0,1.1498799999999998
2022-05-10 23:00:00,2022-05-10T19:00:00,0.728,10,Extreme Fear,2022-05-10,0.272,0.9,2.0,1.0336
2022-05-10 23:15:00,2022-05-10T19:15:00,0.7898,10,Extreme Fear,2022-05-10,0.21020000000000005,0.9,2.0,0.7987600000000001
2022-05-10 23:30:00,2022-05-10T19:30:00,0.789,10,Extreme Fear,2022-05-10,0.21099999999999997,0.9,2.0,0.8017999999999998
2022-05-10 23:45:00,2022-05-10T19:45:00,0.7725,10,Extreme Fear,2022-05-10,0.22750000000000004,0.9,2.0,0.8645
2022-05-11 00:00:00,2022-05-10T20:00:00,0.7979,10,Extreme Fear,2022-05-10,0.20209999999999995,0.9,2.0,0.7679799999999998
2022-05-11 00:15:00,2022-05-10T20:15:00,0.8076,10,Extreme Fear,2022-05-10,0.19240000000000002,0.9,2.0,0.73112
2022-05-11 00:30:00,2022-05-10T20:30:00,0.8434,10,Extreme Fear,2022-05-10,0.15659999999999996,0.9,2.0,0.5950799999999998
2022-05-11 00:45:00,2022-05-10T20:45:00,0.83,10,Extreme Fear,2022-05-10,0.17000000000000004,0.9,2.0,0.6460000000000001
2022-05-11 01:00:00,2022-05-10T21:00:00,0.8016,10,Extreme Fear,2022-05-10,0.19840000000000002,0.9,2.0,0.75392
2022-05-11 01:15:00,2022-05-10T21:15:00,0.794,10,Extreme Fear,2022-05-10,0.20599999999999996,0.9,2.0,0.7827999999999998
2022-05-11 01:30:00,2022-05-10T21:30:00,0.7987,10,Extreme Fear,2022-05-10,0.20130000000000003,0.9,2.0,0.7649400000000001
2022-05-11 01:45:00,2022-05-10T21:45:00,0.8031,10,Extreme Fear,2022-05-10,0.19689999999999996,0.9,2.0,0.7482199999999998
2022-05-11 02:00:00,2022-05-10T22:00:00,0.794,10,Extreme Fear,2022-05-10,0.20599999999999996,0.9,2.0,0.7827999999999998
2022-05-11 02:15:00,2022-05-10T22:15:00,0.788,10,Extreme Fear,2022-05-10,0.21199999999999997,0.9,2.0,0.8055999999999999
2022-05-11 02:30:00,2022-05-10T22:30:00,0.8305,10,Extreme Fear,2022-05-10,0.16949999999999998,0.9,2.0,0.6440999999999999
2022-05-11 02:45:00,2022-05-10T22:45:00,0.8239,10,Extreme Fear,2022-05-10,0.17610000000000003,0.9,2.0,0.6691800000000001
2022-05-11 03:00:00,2022-05-10T23:00:00,0.846,10,Extreme Fear,2022-05-10,0.15400000000000003,0.9,2.0,0.5852
2022-05-11 03:15:00,2022-05-10T23:15:00,0.8398,10,Extreme Fear,2022-05-10,0.1602,0.9,2.0,0.60876
2022-05-11 03:30:00,2022-05-10T23:30:00,0.8107,10,Extreme Fear,2022-05-10,0.18930000000000002,0.9,2.0,0.7193400000000001
2022-05-11 03:45:00,2022-05-10T23:45:00,0.8158,10,Extreme Fear,2022-05-10,0.18420000000000003,0.9,2.0,0.6999600000000001
2022-05-11 04:00:00,2022-05-11T00:00:00,0.8335,10,Extreme Fear,2022-05-10,0.16649999999999998,0.9,2.0,0.6326999999999999
2022-05-11 04:15:00,2022-05-11T00:15:00,0.8205,10,Extreme Fear,2022-05-10,0.1795,0.9,2.0,0.6820999999999999
2022-05-11 04:30:00,2022-05-11T00:30:00,0.8164,10,Extreme Fear,2022-05-10,0.18359999999999999,0.9,2.0,0.69768
2022-05-11 04:45:00,2022-05-11T00:45:00,0.8108,10,Extreme Fear,2022-05-10,0.18920000000000003,0.9,2.0,0.71896
2022-05-11 05:00:00,2022-05-11T01:00:00,0.76,10,Extreme Fear,2022-05-10,0.24,0.9,2.0,0.9119999999999999
2022-05-11 05:15:00,2022-05-11T01:15:00,0.7897,10,Extreme Fear,2022-05-10,0.21030000000000004,0.9,2.0,0.7991400000000001
2022-05-11 05:30:00,2022-05-11T01:30:00,0.7737,12,Extreme Fear,2022-05-11,0.22629999999999995,0.88,2.0,0.8508879999999998
2022-05-11 05:45:00,2022-05-11T01:45:00,0.7323,12,Extreme Fear,2022-05-11,0.26770000000000005,0.88,2.0,1.0065520000000001
2022-05-11 06:00:00,2022-05-11T02:00:00,0.698,12,Extreme Fear,2022-05-11,0.30200000000000005,0.88,2.0,1.13552
2022-05-11 06:15:00,2022-05-11T02:15:00,0.6121,12,Extreme Fear,2022-05-11,0.3879,0.88,2.0,1.458504
2022-05-11 06:30:00,2022-05-11T02:30:00,0.6358,12,Extreme Fear,2022-05-11,0.36419999999999997,0.88,2.0,1.3693919999999997
2022-05-11 06:45:00,2022-05-11T02:45:00,0.5938,12,Extreme Fear,2022-05-11,0.4062,0.88,2.0,1.527312
2022-05-11 07:00:00,2022-05-11T03:00:00,0.5107,12,Extreme Fear,2022-05-11,0.48929999999999996,0.88,2.0,1.8397679999999996
2022-05-11 07:15:00,2022-05-11T03:15:00,0.4346,12,Extreme Fear,2022-05-11,0.5654,0.88,2.0,2.125904
2022-05-11 07:30:00,2022-05-11T03:30:00,0.3721,12,Extreme Fear,2022-05-11,0.6279,0.88,2.0,2.360904
2022-05-11 07:45:00,2022-05-11T03:45:00,0.308,12,Extreme Fear,2022-05-11,0.692,0.88,2.0,2.60192
2022-05-11 08:00:00,2022-05-11T04:00:00,0.3593,12,Extreme Fear,2022-05-11,0.6407,0.88,2.0,2.409032
2022-05-11 08:15:00,2022-05-11T04:15:00,0.4159,12,Extreme Fear,2022-05-11,0.5841000000000001,0.88,2.0,2.196216
2022-05-11 08:30:00,2022-05-11T04:30:00,0.4228,12,Extreme Fear,2022-05-11,0.5771999999999999,0.88,2.0,2.1702719999999998
2022-05-11 08:45:00,2022-05-11T04:45:00,0.4882,12,Extreme Fear,2022-05-11,0.5118,0.88,2.0,1.924368
2022-05-11 09:00:00,2022-05-11T05:00:00,0.498,12,Extreme Fear,2022-05-11,0.502,0.88,2.0,1.8875199999999999
2022-05-11 09:15:00,2022-05-11T05:15:00,0.4014,12,Extreme Fear,2022-05-11,0.5986,0.88,2.0,2.250736
2022-05-11 09:30:00,2022-05-11T05:30:00,0.4799,12,Extreme Fear,2022-05-11,0.5201,0.88,2.0,1.955576
2022-05-11 09:45:00,2022-05-11T05:45:00,0.4422,12,Extreme Fear,2022-05-11,0.5578000000000001,0.88,2.0,2.097328
2022-05-11 10:00:00,2022-05-11T06:00:00,0.4684,12,Extreme Fear,2022-05-11,0.5316000000000001,0.88,2.0,1.9988160000000001
2022-05-11 10:15:00,2022-05-11T06:15:00,0.565,12,Extreme Fear,2022-05-11,0.43500000000000005,0.88,2.0,1.6356000000000002
2022-05-11 10:30:00,2022-05-11T06:30:00,0.4832,12,Extreme Fear,2022-05-11,0.5167999999999999,0.88,2.0,1.9431679999999996
2022-05-11 10:45:00,2022-05-11T06:45:00,0.4937,12,Extreme Fear,2022-05-11,0.5063,0.88,2.0,1.9036879999999998
2022-05-11 11:00:00,2022-05-11T07:00:00,0.4759,12,Extreme Fear,2022-05-11,0.5241,0.88,2.0,1.970616
2022-05-11 11:15:00,2022-05-11T07:15:00,0.411,12,Extreme Fear,2022-05-11,0.589,0.88,2.0,2.2146399999999997
2022-05-11 11:30:00,2022-05-11T07:30:00,0.4225,12,Extreme Fear,2022-05-11,0.5775,0.88,2.0,2.1713999999999998
2022-05-11 11:45:00,2022-05-11T07:45:00,0.4374,12,Extreme Fear,2022-05-11,0.5626,0.88,2.0,2.115376
2022-05-11 12:00:00,2022-05-11T08:00:00,0.4276,12,Extreme Fear,2022-05-11,0.5724,0.88,2.0,2.152224
2022-05-11 12:15:00,2022-05-11T08:15:00,0.441,12,Extreme Fear,2022-05-11,0.5589999999999999,0.88,2.0,2.1018399999999997
2022-05-11 12:30:00,2022-05-11T08:30:00,0.3849,12,Extreme Fear,2022-05-11,0.6151,0.88,2.0,2.312776
2022-05-11 12:45:00,2022-05-11T08:45:00,0.345325,12,Extreme Fear,2022-05-11,0.654675,0.88,2.0,2.461578
2022-05-11 13:00:00,2022-05-11T09:00:00,0.2976,12,Extreme Fear,2022-05-11,0.7024,0.88,2.0,2.641024
2022-05-11 13:15:00,2022-05-11T09:15:00,0.338875,12,Extreme Fear,2022-05-11,0.661125,0.88,2.0,2.4858299999999995
2022-05-11 13:30:00,2022-05-11T09:30:00,0.410068,12,Extreme Fear,2022-05-11,0.589932,0.88,2.0,2.21814432
2022-05-11 13:45:00,2022-05-11T09:45:00,0.394202,12,Extreme Fear,2022-05-11,0.6057980000000001,0.88,2.0,2.2778004800000002
2022-05-11 14:00:00,2022-05-11T10:00:00,0.464444,12,Extreme Fear,2022-05-11,0.5355559999999999,0.88,2.0,2.0136905599999997
2022-05-11 14:15:00,2022-05-11T10:15:00,0.4614,12,Extreme Fear,2022-05-11,0.5386,0.88,2.0,2.025136
2022-05-11 14:30:00,2022-05-11T10:30:00,0.559387,12,Extreme Fear,2022-05-11,0.44061300000000003,0.88,2.0,1.65670488
2022-05-11 14:45:00,2022-05-11T10:45:00,0.51623,12,Extreme Fear,2022-05-11,0.48377000000000003,0.88,2.0,1.8189752000000001
2022-05-11 15:00:00,2022-05-11T11:00:00,0.50642,12,Extreme Fear,2022-05-11,0.49358,0.88,2.0,1.8558607999999999
2022-05-11 15:15:00,2022-05-11T11:15:00,0.490228,12,Extreme Fear,2022-05-11,0.509772,0.88,2.0,1.91674272
2022-05-11 15:30:00,2022-05-11T11:30:00,0.5019,12,Extreme Fear,2022-05-11,0.4981,0.88,2.0,1.8728559999999999
2022-05-11 15:45:00,2022-05-11T11:45:00,0.504377,12,Extreme Fear,2022-05-11,0.49562300000000004,0.88,2.0,1.86354248
2022-05-11 16:00:01,2022-05-11T12:00:01,0.547785,12,Extreme Fear,2022-05-11,0.45221500000000003,0.88,2.0,1.7003284
2022-05-11 16:15:00,2022-05-11T12:15:00,0.579,12,Extreme Fear,2022-05-11,0.42100000000000004,0.88,2.0,1.5829600000000001
2022-05-11 16:30:01,2022-05-11T12:30:01,0.617059,12,Extreme Fear,2022-05-11,0.382941,0.88,2.0,1.4398581599999998
2022-05-11 16:45:00,2022-05-11T12:45:00,0.615806,12,Extreme Fear,2022-05-11,0.38419400000000004,0.88,2.0,1.44456944
2022-05-11 17:00:00,2022-05-11T13:00:00,0.632898,12,Extreme Fear,2022-05-11,0.36710200000000004,0.88,2.0,1.38030352
2022-05-11 17:15:00,2022-05-11T13:15:00,0.690698,12,Extreme Fear,2022-05-11,0.30930199999999997,0.88,2.0,1.1629755199999998
2022-05-11 17:30:00,2022-05-11T13:30:00,0.626795,12,Extreme Fear,2022-05-11,0.373205,0.88,2.0,1.4032508
2022-05-11 17:45:00,2022-05-11T13:45:00,0.63,12,Extreme Fear,2022-05-11,0.37,0.88,2.0,1.3912
2022-05-11 18:00:00,2022-05-11T14:00:00,0.671621,12,Extreme Fear,2022-05-11,0.328379,0.88,2.0,1.23470504
2022-05-11 18:15:00,2022-05-11T14:15:00,0.671592,12,Extreme Fear,2022-05-11,0.32840800000000003,0.88,2.0,1.23481408
2022-05-11 18:30:00,2022-05-11T14:30:00,0.694633,12,Extreme Fear,2022-05-11,0.30536700000000006,0.88,2.0,1.1481799200000002
2022-05-11 18:45:00,2022-05-11T14:45:00,0.686303,12,Extreme Fear,2022-05-11,0.313697,0.88,2.0,1.1795007199999998
2022-05-11 19:00:00,2022-05-11T15:00:00,0.636727,12,Extreme Fear,2022-05-11,0.36327299999999996,0.88,2.0,1.3659064799999998
2022-05-11 19:15:00,2022-05-11T15:15:00,0.631,12,Extreme Fear,2022-05-11,0.369,0.88,2.0,1.38744
2022-05-11 19:30:00,2022-05-11T15:30:00,0.629,12,Extreme Fear,2022-05-11,0.371,0.88,2.0,1.39496
2022-05-11 19:45:00,2022-05-11T15:45:00,0.634996,12,Extreme Fear,2022-05-11,0.365004,0.88,2.0,1.37241504
2022-05-11 20:00:00,2022-05-11T16:00:00,0.65894,12,Extreme Fear,2022-05-11,0.34106000000000003,0.88,2.0,1.2823856
2022-05-11 20:15:00,2022-05-11T16:15:00,0.659001,12,Extreme Fear,2022-05-11,0.34099900000000005,0.88,2.0,1.2821562400000002
2022-05-11 20:30:00,2022-05-11T16:30:00,0.674302,12,Extreme Fear,2022-05-11,0.32569800000000004,0.88,2.0,1.2246244800000001
2022-05-11 20:45:00,2022-05-11T16:45:00,0.673614,12,Extreme Fear,2022-05-11,0.32638599999999995,0.88,2.0,1.2272113599999999
2022-05-11 21:00:00,2022-05-11T17:00:00,0.682718,12,Extreme Fear,2022-05-11,0.31728199999999995,0.88,2.0,1.1929803199999998
2022-05-11 21:15:00,2022-05-11T17:15:00,0.70231,12,Extreme Fear,2022-05-11,0.29769,0.88,2.0,1.1193144
2022-05-11 21:30:00,2022-05-11T17:30:00,0.693001,12,Extreme Fear,2022-05-11,0.306999,0.88,2.0,1.15431624
2022-05-11 21:45:00,2022-05-11T17:45:00,0.713002,12,Extreme Fear,2022-05-11,0.286998,0.88,2.0,1.0791124799999998
2022-05-11 22:00:00,2022-05-11T18:00:00,0.739899,12,Extreme Fear,2022-05-11,0.260101,0.88,2.0,0.9779797600000001
2022-05-11 22:15:00,2022-05-11T18:15:00,0.766301,12,Extreme Fear,2022-05-11,0.233699,0.88,2.0,0.8787082399999999
2022-05-11 22:30:00,2022-05-11T18:30:00,0.779995,12,Extreme Fear,2022-05-11,0.220005,0.88,2.0,0.8272187999999999
2022-05-11 22:45:00,2022-05-11T18:45:00,0.7542,12,Extreme Fear,2022-05-11,0.24580000000000002,0.88,2.0,0.924208
2022-05-11 23:00:00,2022-05-11T19:00:00,0.745909,12,Extreme Fear,2022-05-11,0.25409099999999996,0.88,2.0,0.9553821599999998
2022-05-11 23:15:00,2022-05-11T19:15:00,0.760503,12,Extreme Fear,2022-05-11,0.23949699999999996,0.88,2.0,0.9005087199999998
2022-05-11 23:30:00,2022-05-11T19:30:00,0.778403,12,Extreme Fear,2022-05-11,0.22159700000000004,0.88,2.0,0.8332047200000001
2022-05-11 23:45:00,2022-05-11T19:45:00,0.761,12,Extreme Fear,2022-05-11,0.239,0.88,2.0,0.8986399999999999
2022-05-12 00:00:00,2022-05-11T20:00:00,0.760866,12,Extreme Fear,2022-05-11,0.23913399999999996,0.88,2.0,0.8991438399999998
2022-05-12 00:15:00,2022-05-11T20:15:00,0.742703,12,Extreme Fear,2022-05-11,0.257297,0.88,2.0,0.9674367199999999
2022-05-12 00:30:00,2022-05-11T20:30:00,0.77324,12,Extreme Fear,2022-05-11,0.22675999999999996,0.88,2.0,0.8526175999999998
2022-05-12 00:45:00,2022-05-11T20:45:00,0.779997,12,Extreme Fear,2022-05-11,0.22000299999999995,0.88,2.0,0.8272112799999998
2022-05-12 01:00:00,2022-05-11T21:00:00,0.7743,12,Extreme Fear,2022-05-11,0.2257,0.88,2.0,0.8486319999999999
2022-05-12 01:15:00,2022-05-11T21:15:00,0.788461,12,Extreme Fear,2022-05-11,0.21153900000000003,0.88,2.0,0.79538664
2022-05-12 01:30:00,2022-05-11T21:30:00,0.76,12,Extreme Fear,2022-05-11,0.24,0.88,2.0,0.9023999999999999
2022-05-12 01:45:00,2022-05-11T21:45:00,0.755801,12,Extreme Fear,2022-05-11,0.24419900000000005,0.88,2.0,0.9181882400000001
2022-05-12 02:00:00,2022-05-11T22:00:00,0.718039,12,Extreme Fear,2022-05-11,0.281961,0.88,2.0,1.06017336
2022-05-12 02:15:00,2022-05-11T22:15:00,0.669089,12,Extreme Fear,2022-05-11,0.33091099999999996,0.88,2.0,1.2442253599999997
2022-05-12 02:30:01,2022-05-11T22:30:01,0.699426,12,Extreme Fear,2022-05-11,0.300574,0.88,2.0,1.1301582399999999
2022-05-12 02:45:00,2022-05-11T22:45:00,0.657803,12,Extreme Fear,2022-05-11,0.342197,0.88,2.0,1.2866607199999998
2022-05-12 03:00:00,2022-05-11T23:00:00,0.642601,12,Extreme Fear,2022-05-11,0.357399,0.88,2.0,1.34382024
2022-05-12 03:15:00,2022-05-11T23:15:00,0.605197,12,Extreme Fear,2022-05-11,0.394803,0.88,2.0,1.48445928
2022-05-12 03:30:00,2022-05-11T23:30:00,0.601107,12,Extreme Fear,2022-05-11,0.39889300000000005,0.88,2.0,1.4998376800000002
2022-05-12 03:45:00,2022-05-11T23:45:00,0.637507,12,Extreme Fear,2022-05-11,0.36249299999999995,0.88,2.0,1.3629736799999999
2022-05-12 04:00:00,2022-05-12T00:00:00,0.646731,12,Extreme Fear,2022-05-11,0.35326900000000006,0.88,2.0,1.32829144
2022-05-12 04:15:00,2022-05-12T00:15:00,0.64122,12,Extreme Fear,2022-05-11,0.35878,0.88,2.0,1.3490128
2022-05-12 04:30:00,2022-05-12T00:30:00,0.594499,12,Extreme Fear,2022-05-11,0.405501,0.88,2.0,1.5246837599999998
2022-05-12 04:45:00,2022-05-12T00:45:00,0.605897,12,Extreme Fear,2022-05-11,0.394103,0.88,2.0,1.4818272799999999
2022-05-12 05:00:00,2022-05-12T01:00:00,0.587797,12,Extreme Fear,2022-05-11,0.412203,0.88,2.0,1.5498832799999998
2022-05-12 05:15:00,2022-05-12T01:15:00,0.579397,12,Extreme Fear,2022-05-11,0.42060299999999995,0.88,2.0,1.5814672799999998
2022-05-12 05:30:00,2022-05-12T01:30:00,0.572675,12,Extreme Fear,2022-05-12,0.42732499999999995,0.88,2.0,1.6067419999999997
2022-05-12 05:45:00,2022-05-12T01:45:00,0.496503,12,Extreme Fear,2022-05-12,0.503497,0.88,2.0,1.89314872
2022-05-12 06:00:00,2022-05-12T02:00:00,0.500203,12,Extreme Fear,2022-05-12,0.49979700000000005,0.88,2.0,1.87923672
2022-05-12 06:15:00,2022-05-12T02:15:00,0.510073,12,Extreme Fear,2022-05-12,0.489927,0.88,2.0,1.84212552
2022-05-12 06:30:00,2022-05-12T02:30:00,0.544896,12,Extreme Fear,2022-05-12,0.45510399999999995,0.88,2.0,1.7111910399999997
2022-05-12 06:45:00,2022-05-12T02:45:00,0.542399,12,Extreme Fear,2022-05-12,0.45760100000000004,0.88,2.0,1.7205797600000001
2022-05-12 07:00:00,2022-05-12T03:00:00,0.541951,12,Extreme Fear,2022-05-12,0.45804900000000004,0.88,2.0,1.7222642400000001
2022-05-12 07:15:00,2022-05-12T03:15:00,0.46528,12,Extreme Fear,2022-05-12,0.53472,0.88,2.0,2.0105472
2022-05-12 07:30:00,2022-05-12T03:30:00,0.526386,12,Extreme Fear,2022-05-12,0.473614,0.88,2.0,1.78078864
2022-05-12 07:45:00,2022-05-12T03:45:00,0.567996,12,Extreme Fear,2022-05-12,0.43200400000000005,0.88,2.0,1.62433504
2022-05-12 08:00:00,2022-05-12T04:00:00,0.617868,12,Extreme Fear,2022-05-12,0.382132,0.88,2.0,1.43681632
2022-05-12 08:15:00,2022-05-12T04:15:00,0.627455,12,Extreme Fear,2022-05-12,0.372545,0.88,2.0,1.4007692
2022-05-12 08:30:00,2022-05-12T04:30:00,0.618009,12,Extreme Fear,2022-05-12,0.38199099999999997,0.88,2.0,1.4362861599999999
2022-05-12 08:45:00,2022-05-12T04:45:00,0.604334,12,Extreme Fear,2022-05-12,0.39566599999999996,0.88,2.0,1.4877041599999998
2022-05-12 09:00:00,2022-05-12T05:00:00,0.607713,12,Extreme Fear,2022-05-12,0.39228700000000005,0.88,2.0,1.47499912
2022-05-12 09:15:00,2022-05-12T05:15:00,0.548383,12,Extreme Fear,2022-05-12,0.45161700000000005,0.88,2.0,1.69807992
2022-05-12 09:30:00,2022-05-12T05:30:00,0.522582,12,Extreme Fear,2022-05-12,0.477418,0.88,2.0,1.7950916799999999
2022-05-12 09:45:00,2022-05-12T05:45:00,0.466358,12,Extreme Fear,2022-05-12,0.533642,0.88,2.0,2.0064939199999996
2022-05-12 10:00:00,2022-05-12T06:00:00,0.402541,12,Extreme Fear,2022-05-12,0.597459,0.88,2.0,2.24644584
2022-05-12 10:15:00,2022-05-12T06:15:00,0.393781,12,Extreme Fear,2022-05-12,0.6062190000000001,0.88,2.0,2.27938344
2022-05-12 10:30:00,2022-05-12T06:30:00,0.377501,12,Extreme Fear,2022-05-12,0.622499,0.88,2.0,2.34059624
2022-05-12 10:45:00,2022-05-12T06:45:00,0.435282,12,Extreme Fear,2022-05-12,0.564718,0.88,2.0,2.12333968
2022-05-12 11:00:00,2022-05-12T07:00:00,0.402603,12,Extreme Fear,2022-05-12,0.597397,0.88,2.0,2.2462127199999995
2022-05-12 11:15:00,2022-05-12T07:15:00,0.475803,12,Extreme Fear,2022-05-12,0.524197,0.88,2.0,1.97098072
2022-05-12 11:30:00,2022-05-12T07:30:00,0.490003,12,Extreme Fear,2022-05-12,0.509997,0.88,2.0,1.91758872
2022-05-12 11:45:00,2022-05-12T07:45:00,0.505,12,Extreme Fear,2022-05-12,0.495,0.88,2.0,1.8612
2022-05-12 12:00:00,2022-05-12T08:00:00,0.5771,12,Extreme Fear,2022-05-12,0.42290000000000005,0.88,2.0,1.5901040000000002
2022-05-12 12:15:00,2022-05-12T08:15:00,0.592602,12,Extreme Fear,2022-05-12,0.40739800000000004,0.88,2.0,1.53181648
2022-05-12 12:30:00,2022-05-12T08:30:00,0.583163,12,Extreme Fear,2022-05-12,0.416837,0.88,2.0,1.56730712
2022-05-12 12:45:00,2022-05-12T08:45:00,0.609212,12,Extreme Fear,2022-05-12,0.390788,0.88,2.0,1.46936288
2022-05-12 13:00:00,2022-05-12T09:00:00,0.633736,12,Extreme Fear,2022-05-12,0.36626400000000003,0.88,2.0,1.37715264
2022-05-12 13:15:00,2022-05-12T09:15:00,0.605772,12,Extreme Fear,2022-05-12,0.394228,0.88,2.0,1.48229728
2022-05-12 13:30:00,2022-05-12T09:30:00,0.619598,12,Extreme Fear,2022-05-12,0.380402,0.88,2.0,1.43031152
2022-05-12 13:45:00,2022-05-12T09:45:00,0.610474,12,Extreme Fear,2022-05-12,0.38952600000000004,0.88,2.0,1.46461776
2022-05-12 14:00:00,2022-05-12T10:00:00,0.6137,12,Extreme Fear,2022-05-12,0.3863,0.88,2.0,1.4524879999999998
2022-05-12 14:15:00,2022-05-12T10:15:00,0.573071,12,Extreme Fear,2022-05-12,0.426929,0.88,2.0,1.60525304
2022-05-12 14:30:00,2022-05-12T10:30:00,0.433589,12,Extreme Fear,2022-05-12,0.566411,0.88,2.0,2.12970536
2022-05-12 14:45:00,2022-05-12T10:45:00,0.407007,12,Extreme Fear,2022-05-12,0.592993,0.88,2.0,2.2296536799999997
2022-05-12 15:00:00,2022-05-12T11:00:00,0.455421,12,Extreme Fear,2022-05-12,0.5445789999999999,0.88,2.0,2.0476170399999996
2022-05-12 15:15:00,2022-05-12T11:15:00,0.42819,12,Extreme Fear,2022-05-12,0.5718099999999999,0.88,2.0,2.1500055999999996
2022-05-12 15:30:00,2022-05-12T11:30:00,0.371,12,Extreme Fear,2022-05-12,0.629,0.88,2.0,2.36504
2022-05-12 15:45:00,2022-05-12T11:45:00,0.395579,12,Extreme Fear,2022-05-12,0.604421,0.88,2.0,2.2726229599999996
2022-05-12 16:00:00,2022-05-12T12:00:00,0.39175,12,Extreme Fear,2022-05-12,0.60825,0.88,2.0,2.2870199999999996
2022-05-12 16:15:00,2022-05-12T12:15:00,0.386014,12,Extreme Fear,2022-05-12,0.6139859999999999,0.88,2.0,2.3085873599999998
2022-05-12 16:30:00,2022-05-12T12:30:00,0.315504,12,Extreme Fear,2022-05-12,0.684496,0.88,2.0,2.5737049599999997
2022-05-12 16:45:00,2022-05-12T12:45:00,0.3687,12,Extreme Fear,2022-05-12,0.6313,0.88,2.0,2.3736879999999996
2022-05-12 17:00:00,2022-05-12T13:00:00,0.345854,12,Extreme Fear,2022-05-12,0.654146,0.88,2.0,2.45958896
2022-05-12 17:15:00,2022-05-12T13:15:00,0.328,12,Extreme Fear,2022-05-12,0.6719999999999999,0.88,2.0,2.5267199999999996
2022-05-12 17:30:00,2022-05-12T13:30:00,0.335883,12,Extreme Fear,2022-05-12,0.6641170000000001,0.88,2.0,2.49707992
2022-05-12 17:45:00,2022-05-12T13:45:00,0.350864,12,Extreme Fear,2022-05-12,0.6491359999999999,0.88,2.0,2.4407513599999997
2022-05-12 18:00:00,2022-05-12T14:00:00,0.368989,12,Extreme Fear,2022-05-12,0.631011,0.88,2.0,2.37260136
2022-05-12 18:15:00,2022-05-12T14:15:00,0.39496,12,Extreme Fear,2022-05-12,0.60504,0.88,2.0,2.2749504
2022-05-12 18:30:00,2022-05-12T14:30:00,0.381815,12,Extreme Fear,2022-05-12,0.618185,0.88,2.0,2.3243755999999998
2022-05-12 18:45:00,2022-05-12T14:45:00,0.387079,12,Extreme Fear,2022-05-12,0.612921,0.88,2.0,2.30458296
2022-05-12 19:00:00,2022-05-12T15:00:00,0.357142,12,Extreme Fear,2022-05-12,0.6428579999999999,0.88,2.0,2.4171460799999998
2022-05-12 19:15:00,2022-05-12T15:15:00,0.315528,12,Extreme Fear,2022-05-12,0.684472,0.88,2.0,2.5736147199999997
2022-05-12 19:30:00,2022-05-12T15:30:00,0.34596,12,Extreme Fear,2022-05-12,0.65404,0.88,2.0,2.4591903999999998
2022-05-12 19:45:00,2022-05-12T15:45:00,0.3674,12,Extreme Fear,2022-05-12,0.6326,0.88,2.0,2.3785760000000002
2022-05-12 20:00:00,2022-05-12T16:00:00,0.380001,12,Extreme Fear,2022-05-12,0.619999,0.88,2.0,2.3311962399999997
2022-05-12 20:15:00,2022-05-12T16:15:00,0.414756,12,Extreme Fear,2022-05-12,0.585244,0.88,2.0,2.2005174399999996
2022-05-12 20:30:00,2022-05-12T16:30:00,0.387702,12,Extreme Fear,2022-05-12,0.612298,0.88,2.0,2.30224048
2022-05-12 20:45:00,2022-05-12T16:45:00,0.39,12,Extreme Fear,2022-05-12,0.61,0.88,2.0,2.2935999999999996
2022-05-12 21:00:00,2022-05-12T17:00:00,0.414995,12,Extreme Fear,2022-05-12,0.585005,0.88,2.0,2.1996187999999997
2022-05-12 21:15:00,2022-05-12T17:15:00,0.475813,12,Extreme Fear,2022-05-12,0.524187,0.88,2.0,1.9709431199999998
2022-05-12 21:30:00,2022-05-12T17:30:00,0.491379,12,Extreme Fear,2022-05-12,0.508621,0.88,2.0,1.9124149599999998
2022-05-12 21:45:00,2022-05-12T17:45:00,0.501,12,Extreme Fear,2022-05-12,0.499,0.88,2.0,1.87624
2022-05-12 22:00:00,2022-05-12T18:00:00,0.442986,12,Extreme Fear,2022-05-12,0.557014,0.88,2.0,2.09437264
2022-05-12 22:15:00,2022-05-12T18:15:00,0.413143,12,Extreme Fear,2022-05-12,0.586857,0.88,2.0,2.20658232
2022-05-12 22:30:00,2022-05-12T18:30:00,0.423753,12,Extreme Fear,2022-05-12,0.576247,0.88,2.0,2.16668872
2022-05-12 22:45:00,2022-05-12T18:45:00,0.445024,12,Extreme Fear,2022-05-12,0.554976,0.88,2.0,2.08670976
2022-05-12 23:00:00,2022-05-12T19:00:00,0.447122,12,Extreme Fear,2022-05-12,0.552878,0.88,2.0,2.0788212799999997
2022-05-12 23:15:00,2022-05-12T19:15:00,0.418158,12,Extreme Fear,2022-05-12,0.581842,0.88,2.0,2.1877259199999997
2022-05-12 23:30:00,2022-05-12T19:30:00,0.417895,12,Extreme Fear,2022-05-12,0.582105,0.88,2.0,2.1887147999999996
2022-05-12 23:45:00,2022-05-12T19:45:00,0.357708,12,Extreme Fear,2022-05-12,0.642292,0.88,2.0,2.41501792
2022-05-13 00:00:00,2022-05-12T20:00:00,0.371227,12,Extreme Fear,2022-05-12,0.628773,0.88,2.0,2.36418648
2022-05-13 00:15:00,2022-05-12T20:15:00,0.373632,12,Extreme Fear,2022-05-12,0.626368,0.88,2.0,2.35514368
2022-05-13 00:30:00,2022-05-12T20:30:00,0.298632,12,Extreme Fear,2022-05-12,0.701368,0.88,2.0,2.63714368
2022-05-13 00:45:00,2022-05-12T20:45:00,0.276098,12,Extreme Fear,2022-05-12,0.723902,0.88,2.0,2.72187152
2022-05-13 01:00:00,2022-05-12T21:00:00,0.245779,12,Extreme Fear,2022-05-12,0.754221,0.88,2.0,2.83587096
2022-05-13 01:15:00,2022-05-12T21:15:00,0.245779,12,Extreme Fear,2022-05-12,0.754221,0.88,2.0,2.83587096
2022-05-13 01:30:00,2022-05-12T21:30:00,0.245779,12,Extreme Fear,2022-05-12,0.754221,0.88,2.0,2.83587096
2022-05-13 01:45:00,2022-05-12T21:45:00,0.245779,12,Extreme Fear,2022-05-12,0.754221,0.88,2.0,2.83587096
2022-05-13 02:00:00,2022-05-12T22:00:00,0.245779,12,Extreme Fear,2022-05-12,0.754221,0.88,2.0,2.83587096
2022-05-13 02:15:00,2022-05-12T22:15:00,0.245779,12,Extreme Fear,2022-05-12,0.754221,0.88,2.0,2.83587096
2022-05-13 02:30:00,2022-05-12T22:30:00,0.245779,12,Extreme Fear,2022-05-12,0.754221,0.88,2.0,2.83587096
2022-05-13 02:45:00,2022-05-12T22:45:00,0.245779,12,Extreme Fear,2022-05-12,0.754221,0.88,2.0,2.83587096
2022-05-13 03:00:01,2022-05-12T23:00:01,0.245779,12,Extreme Fear,2022-05-12,0.754221,0.88,2.0,2.83587096
2022-05-13 03:15:00,2022-05-12T23:15:00,0.245779,12,Extreme Fear,2022-05-12,0.754221,0.88,2.0,2.83587096
2022-05-13 03:30:00,2022-05-12T23:30:00,0.245779,12,Extreme Fear,2022-05-12,0.754221,0.88,2.0,2.83587096
2022-05-13 03:45:00,2022-05-12T23:45:00,0.245779,12,Extreme Fear,2022-05-12,0.754221,0.88,2.0,2.83587096
2022-05-13 04:00:00,2022-05-13T00:00:00,0.245779,12,Extreme Fear,2022-05-12,0.754221,0.88,2.0,2.83587096
2022-05-13 04:15:00,2022-05-13T00:15:00,0.245779,12,Extreme Fear,2022-05-12,0.754221,0.88,2.0,2.83587096
2022-05-13 04:30:00,2022-05-13T00:30:00,0.245779,12,Extreme Fear,2022-05-12,0.754221,0.88,2.0,2.83587096
2022-05-13 04:45:00,2022-05-13T00:45:00,0.245779,12,Extreme Fear,2022-05-12,0.754221,0.88,2.0,2.83587096
2022-05-13 05:00:00,2022-05-13T01:00:00,0.245779,12,Extreme Fear,2022-05-12,0.754221,0.88,2.0,2.83587096
2022-05-13 05:15:01,2022-05-13T01:15:01,0.245779,12,Extreme Fear,2022-05-12,0.754221,0.88,2.0,2.83587096
2022-05-13 05:30:01,2022-05-13T01:30:01,0.245779,10,Extreme Fear,2022-05-13,0.754221,0.9,2.0,2.8660398
2022-05-13 05:45:00,2022-05-13T01:45:00,0.245779,10,Extreme Fear,2022-05-13,0.754221,0.9,2.0,2.8660398
2022-05-13 06:00:01,2022-05-13T02:00:01,0.245779,10,Extreme Fear,2022-05-13,0.754221,0.9,2.0,2.8660398
2022-05-13 06:15:00,2022-05-13T02:15:00,0.245779,10,Extreme Fear,2022-05-13,0.754221,0.9,2.0,2.8660398
2022-05-13 06:30:00,2022-05-13T02:30:00,0.245779,10,Extreme Fear,2022-05-13,0.754221,0.9,2.0,2.8660398
2022-05-13 06:45:00,2022-05-13T02:45:00,0.245779,10,Extreme Fear,2022-05-13,0.754221,0.9,2.0,2.8660398
2022-05-13 07:00:00,2022-05-13T03:00:00,0.245779,10,Extreme Fear,2022-05-13,0.754221,0.9,2.0,2.8660398
2022-05-13 07:15:00,2022-05-13T03:15:00,0.245779,10,Extreme Fear,2022-05-13,0.754221,0.9,2.0,2.8660398
2022-05-13 07:30:00,2022-05-13T03:30:00,0.245779,10,Extreme Fear,2022-05-13,0.754221,0.9,2.0,2.8660398
2022-05-13 07:45:00,2022-05-13T03:45:00,0.245779,10,Extreme Fear,2022-05-13,0.754221,0.9,2.0,2.8660398
2022-05-13 08:00:00,2022-05-13T04:00:00,0.245779,10,Extreme Fear,2022-05-13,0.754221,0.9,2.0,2.8660398
2022-05-13 08:15:00,2022-05-13T04:15:00,0.245779,10,Extreme Fear,2022-05-13,0.754221,0.9,2.0,2.8660398
2022-05-13 08:30:00,2022-05-13T04:30:00,0.245779,10,Extreme Fear,2022-05-13,0.754221,0.9,2.0,2.8660398
2022-05-13 08:45:00,2022-05-13T04:45:00,0.245779,10,Extreme Fear,2022-05-13,0.754221,0.9,2.0,2.8660398
2022-05-13 09:00:00,2022-05-13T05:00:00,0.245779,10,Extreme Fear,2022-05-13,0.754221,0.9,2.0,2.8660398
2022-05-13 09:15:00,2022-05-13T05:15:00,0.245779,10,Extreme Fear,2022-05-13,0.754221,0.9,2.0,2.8660398
2022-05-13 09:30:00,2022-05-13T05:30:00,0.245779,10,Extreme Fear,2022-05-13,0.754221,0.9,2.0,2.8660398
2022-05-13 09:45:00,2022-05-13T05:45:00,0.245779,10,Extreme Fear,2022-05-13,0.754221,0.9,2.0,2.8660398
2022-05-13 10:00:00,2022-05-13T06:00:00,0.245779,10,Extreme Fear,2022-05-13,0.754221,0.9,2.0,2.8660398
2022-05-13 10:15:00,2022-05-13T06:15:00,0.245779,10,Extreme Fear,2022-05-13,0.754221,0.9,2.0,2.8660398
2022-05-13 10:30:00,2022-05-13T06:30:00,0.245779,10,Extreme Fear,2022-05-13,0.754221,0.9,2.0,2.8660398
2022-05-13 10:45:00,2022-05-13T06:45:00,0.245779,10,Extreme Fear,2022-05-13,0.754221,0.9,2.0,2.8660398
2022-05-13 11:00:00,2022-05-13T07:00:00,0.245779,10,Extreme Fear,2022-05-13,0.754221,0.9,2.0,2.8660398
2022-05-13 11:15:00,2022-05-13T07:15:00,0.245779,10,Extreme Fear,2022-05-13,0.754221,0.9,2.0,2.8660398
2022-05-13 11:30:00,2022-05-13T07:30:00,0.245779,10,Extreme Fear,2022-05-13,0.754221,0.9,2.0,2.8660398
2022-05-13 11:45:00,2022-05-13T07:45:00,0.245779,10,Extreme Fear,2022-05-13,0.754221,0.9,2.0,2.8660398
2022-05-13 12:00:00,2022-05-13T08:00:00,0.245779,10,Extreme Fear,2022-05-13,0.754221,0.9,2.0,2.8660398
2022-05-13 12:15:00,2022-05-13T08:15:00,0.245779,10,Extreme Fear,2022-05-13,0.754221,0.9,2.0,2.8660398
2022-05-13 12:30:00,2022-05-13T08:30:00,0.245779,10,Extreme Fear,2022-05-13,0.754221,0.9,2.0,2.8660398
2022-05-13 12:45:00,2022-05-13T08:45:00,0.245779,10,Extreme Fear,2022-05-13,0.754221,0.9,2.0,2.8660398
2022-05-13 13:00:00,2022-05-13T09:00:00,0.245779,10,Extreme Fear,2022-05-13,0.754221,0.9,2.0,2.8660398
2022-05-13 13:15:00,2022-05-13T09:15:00,0.245779,10,Extreme Fear,2022-05-13,0.754221,0.9,2.0,2.8660398
2022-05-13 13:30:00,2022-05-13T09:30:00,0.245779,10,Extreme Fear,2022-05-13,0.754221,0.9,2.0,2.8660398
2022-05-13 13:45:00,2022-05-13T09:45:00,0.245779,10,Extreme Fear,2022-05-13,0.754221,0.9,2.0,2.8660398
2022-05-13 14:00:00,2022-05-13T10:00:00,0.245779,10,Extreme Fear,2022-05-13,0.754221,0.9,2.0,2.8660398
2022-05-13 14:15:00,2022-05-13T10:15:00,0.245779,10,Extreme Fear,2022-05-13,0.754221,0.9,2.0,2.8660398
2022-05-13 14:30:00,2022-05-13T10:30:00,0.245779,10,Extreme Fear,2022-05-13,0.754221,0.9,2.0,2.8660398
2022-05-13 14:45:00,2022-05-13T10:45:00,0.245779,10,Extreme Fear,2022-05-13,0.754221,0.9,2.0,2.8660398
2022-05-13 15:00:00,2022-05-13T11:00:00,0.245779,10,Extreme Fear,2022-05-13,0.754221,0.9,2.0,2.8660398
2022-05-13 15:15:00,2022-05-13T11:15:00,0.245779,10,Extreme Fear,2022-05-13,0.754221,0.9,2.0,2.8660398
2022-05-13 15:30:00,2022-05-13T11:30:00,0.245779,10,Extreme Fear,2022-05-13,0.754221,0.9,2.0,2.8660398
2022-05-13 15:45:00,2022-05-13T11:45:00,0.245779,10,Extreme Fear,2022-05-13,0.754221,0.9,2.0,2.8660398
2022-05-13 16:00:00,2022-05-13T12:00:00,0.245779,10,Extreme Fear,2022-05-13,0.754221,0.9,2.0,2.8660398
2022-05-13 16:15:00,2022-05-13T12:15:00,0.245779,10,Extreme Fear,2022-05-13,0.754221,0.9,2.0,2.8660398
2022-05-13 16:30:00,2022-05-13T12:30:00,0.245779,10,Extreme Fear,2022-05-13,0.754221,0.9,2.0,2.8660398
2022-05-13 16:45:00,2022-05-13T12:45:00,0.245779,10,Extreme Fear,2022-05-13,0.754221,0.9,2.0,2.8660398
2022-05-13 17:00:00,2022-05-13T13:00:00,0.245779,10,Extreme Fear,2022-05-13,0.754221,0.9,2.0,2.8660398
2022-05-13 17:15:00,2022-05-13T13:15:00,0.245779,10,Extreme Fear,2022-05-13,0.754221,0.9,2.0,2.8660398
2022-05-13 17:30:00,2022-05-13T13:30:00,0.245779,10,Extreme Fear,2022-05-13,0.754221,0.9,2.0,2.8660398
2022-05-13 17:45:00,2022-05-13T13:45:00,0.245779,10,Extreme Fear,2022-05-13,0.754221,0.9,2.0,2.8660398
2022-05-13 18:00:00,2022-05-13T14:00:00,0.245779,10,Extreme Fear,2022-05-13,0.754221,0.9,2.0,2.8660398
2022-05-13 18:15:00,2022-05-13T14:15:00,0.245779,10,Extreme Fear,2022-05-13,0.754221,0.9,2.0,2.8660398
2022-05-13 18:30:00,2022-05-13T14:30:00,0.245779,10,Extreme Fear,2022-05-13,0.754221,0.9,2.0,2.8660398
2022-05-13 18:45:00,2022-05-13T14:45:00,0.245779,10,Extreme Fear,2022-05-13,0.754221,0.9,2.0,2.8660398
2022-05-13 19:00:00,2022-05-13T15:00:00,0.245779,10,Extreme Fear,2022-05-13,0.754221,0.9,2.0,2.8660398
2022-05-13 19:15:00,2022-05-13T15:15:00,0.245779,10,Extreme Fear,2022-05-13,0.754221,0.9,2.0,2.8660398
2022-05-13 19:30:00,2022-05-13T15:30:00,0.245779,10,Extreme Fear,2022-05-13,0.754221,0.9,2.0,2.8660398
2022-05-13 19:45:00,2022-05-13T15:45:00,0.245779,10,Extreme Fear,2022-05-13,0.754221,0.9,2.0,2.8660398
2022-05-13 20:00:01,2022-05-13T16:00:01,0.245779,10,Extreme Fear,2022-05-13,0.754221,0.9,2.0,2.8660398
2022-05-13 20:15:00,2022-05-13T16:15:00,0.245779,10,Extreme Fear,2022-05-13,0.754221,0.9,2.0,2.8660398
2022-05-13 20:30:00,2022-05-13T16:30:00,0.245779,10,Extreme Fear,2022-05-13,0.754221,0.9,2.0,2.8660398
2022-05-13 20:45:00,2022-05-13T16:45:00,0.245779,10,Extreme Fear,2022-05-13,0.754221,0.9,2.0,2.8660398
2022-05-13 21:00:00,2022-05-13T17:00:00,0.245779,10,Extreme Fear,2022-05-13,0.754221,0.9,2.0,2.8660398
2022-05-13 21:15:00,2022-05-13T17:15:00,0.245779,10,Extreme Fear,2022-05-13,0.754221,0.9,2.0,2.8660398
2022-05-13 21:30:00,2022-05-13T17:30:00,0.245779,10,Extreme Fear,2022-05-13,0.754221,0.9,2.0,2.8660398
2022-05-13 21:45:00,2022-05-13T17:45:00,0.245779,10,Extreme Fear,2022-05-13,0.754221,0.9,2.0,2.8660398
2022-05-13 22:00:00,2022-05-13T18:00:00,0.245779,10,Extreme Fear,2022-05-13,0.754221,0.9,2.0,2.8660398
2022-05-13 22:15:00,2022-05-13T18:15:00,0.245779,10,Extreme Fear,2022-05-13,0.754221,0.9,2.0,2.8660398
2022-05-13 22:30:00,2022-05-13T18:30:00,0.245779,10,Extreme Fear,2022-05-13,0.754221,0.9,2.0,2.8660398
2022-05-13 22:45:00,2022-05-13T18:45:00,0.245779,10,Extreme Fear,2022-05-13,0.754221,0.9,2.0,2.8660398
2022-05-13 23:00:00,2022-05-13T19:00:00,0.245779,10,Extreme Fear,2022-05-13,0.754221,0.9,2.0,2.8660398
2022-05-13 23:15:00,2022-05-13T19:15:00,0.245779,10,Extreme Fear,2022-05-13,0.754221,0.9,2.0,2.8660398
2022-05-13 23:30:00,2022-05-13T19:30:00,0.245779,10,Extreme Fear,2022-05-13,0.754221,0.9,2.0,2.8660398
2022-05-13 23:45:00,2022-05-13T19:45:00,0.245779,10,Extreme Fear,2022-05-13,0.754221,0.9,2.0,2.8660398
2022-05-14 00:00:00,2022-05-13T20:00:00,0.245779,10,Extreme Fear,2022-05-13,0.754221,0.9,2.0,2.8660398
2022-05-14 00:15:00,2022-05-13T20:15:00,0.165167464035091,10,Extreme Fear,2022-05-13,0.834832535964909,0.9,2.0,3.1723636366666543
2022-05-14 00:30:00,2022-05-13T20:30:00,0.2068340795692247,10,Extreme Fear,2022-05-13,0.7931659204307753,0.9,2.0,3.014030497636946
2022-05-14 00:45:00,2022-05-13T20:45:00,0.1934411129026103,10,Extreme Fear,2022-05-13,0.8065588870973897,0.9,2.0,3.0649237709700805
2022-05-14 01:00:00,2022-05-13T21:00:00,0.1931700439327358,10,Extreme Fear,2022-05-13,0.8068299560672643,0.9,2.0,3.065953833055604
2022-05-14 01:15:00,2022-05-13T21:15:00,0.1828319830429281,10,Extreme Fear,2022-05-13,0.8171680169570719,0.9,2.0,3.105238464436873
2022-05-14 01:30:00,2022-05-13T21:30:00,0.1821873411213404,10,Extreme Fear,2022-05-13,0.8178126588786596,0.9,2.0,3.1076881037389064
2022-05-14 01:45:00,2022-05-13T21:45:00,0.2041270941580992,10,Extreme Fear,2022-05-13,0.7958729058419007,0.9,2.0,3.0243170421992227
2022-05-14 02:00:00,2022-05-13T22:00:00,0.2001802876411188,10,Extreme Fear,2022-05-13,0.7998197123588812,0.9,2.0,3.039314906963748
2022-05-14 02:15:00,2022-05-13T22:15:00,0.1980877503605547,10,Extreme Fear,2022-05-13,0.8019122496394453,0.9,2.0,3.0472665486298918
2022-05-14 02:30:00,2022-05-13T22:30:00,0.1722447985166359,10,Extreme Fear,2022-05-13,0.8277552014833641,0.9,2.0,3.1454697656367836
2022-05-14 02:45:00,2022-05-13T22:45:00,0.1767760905290727,10,Extreme Fear,2022-05-13,0.8232239094709273,0.9,2.0,3.1282508559895237
2022-05-14 03:00:00,2022-05-13T23:00:00,0.1885582588674363,10,Extreme Fear,2022-05-13,0.8114417411325637,0.9,2.0,3.083478616303742
2022-05-14 03:15:00,2022-05-13T23:15:00,0.1882586276041693,10,Extreme Fear,2022-05-13,0.8117413723958307,0.9,2.0,3.0846172151041564
2022-05-14 03:30:00,2022-05-13T23:30:00,0.1894684283925588,10,Extreme Fear,2022-05-13,0.8105315716074412,0.9,2.0,3.080019972108276
2022-05-14 03:45:00,2022-05-13T23:45:00,0.1906816697823395,10,Extreme Fear,2022-05-13,0.8093183302176605,0.9,2.0,3.07540965482711
2022-05-14 04:00:00,2022-05-14T00:00:00,0.1887186203203655,10,Extreme Fear,2022-05-13,0.8112813796796345,0.9,2.0,3.082869242782611
2022-05-14 04:15:00,2022-05-14T00:15:00,0.1836602842855455,10,Extreme Fear,2022-05-13,0.8163397157144545,0.9,2.0,3.102090919714927
2022-05-14 04:30:00,2022-05-14T00:30:00,0.1973855343119386,10,Extreme Fear,2022-05-13,0.8026144656880614,0.9,2.0,3.049934969614633
2022-05-14 04:45:00,2022-05-14T00:45:00,0.1954187107306694,10,Extreme Fear,2022-05-13,0.8045812892693306,0.9,2.0,3.0574088992234563
2022-05-14 05:00:00,2022-05-14T01:00:00,0.174416376813487,10,Extreme Fear,2022-05-13,0.825583623186513,0.9,2.0,3.137217768108749
2022-05-14 05:15:00,2022-05-14T01:15:00,0.1769386668766264,10,Extreme Fear,2022-05-13,0.8230613331233736,0.9,2.0,3.1276330658688196
2022-05-14 05:30:00,2022-05-14T01:30:00,0.1896645581230381,9,Extreme Fear,2022-05-14,0.8103354418769619,0.91,2.0,3.0954813879699947
2022-05-14 05:45:00,2022-05-14T01:45:00,0.1914192808061032,9,Extreme Fear,2022-05-14,0.8085807191938967,0.91,2.0,3.0887783473206856
2022-05-14 06:00:00,2022-05-14T02:00:00,0.1895004148517983,9,Extreme Fear,2022-05-14,0.8104995851482018,0.91,2.0,3.096108415266131
2022-05-14 06:15:00,2022-05-14T02:15:00,0.167803540619822,9,Extreme Fear,2022-05-14,0.832196459380178,0.91,2.0,3.1789904748322804
2022-05-14 06:30:00,2022-05-14T02:30:00,0.160424557924503,9,Extreme Fear,2022-05-14,0.8395754420754971,0.91,2.0,3.207178188728399
2022-05-14 06:45:00,2022-05-14T02:45:00,0.1671968541344131,9,Extreme Fear,2022-05-14,0.8328031458655869,0.91,2.0,3.181308017206542
2022-05-14 07:00:00,2022-05-14T03:00:00,0.1572927468102937,9,Extreme Fear,2022-05-14,0.8427072531897063,0.91,2.0,3.2191417071846784
2022-05-14 07:15:00,2022-05-14T03:15:00,0.1592830870004283,9,Extreme Fear,2022-05-14,0.8407169129995717,0.91,2.0,3.211538607658364
2022-05-14 07:30:00,2022-05-14T03:30:00,0.1725558774712892,9,Extreme Fear,2022-05-14,0.8274441225287108,0.91,2.0,3.1608365480596756
2022-05-14 07:45:00,2022-05-14T03:45:00,0.1744439016296096,9,Extreme Fear,2022-05-14,0.8255560983703905,0.91,2.0,3.153624295774892
2022-05-14 08:00:00,2022-05-14T04:00:00,0.1639207600673769,9,Extreme Fear,2022-05-14,0.8360792399326231,0.91,2.0,3.1938226965426204
2022-05-14 08:15:00,2022-05-14T04:15:00,0.1670881477378322,9,Extreme Fear,2022-05-14,0.8329118522621678,0.91,2.0,3.181723275641481
2022-05-14 08:30:00,2022-05-14T04:30:00,0.1722822400447025,9,Extreme Fear,2022-05-14,0.8277177599552975,0.91,2.0,3.161881843029237
2022-05-14 08:45:00,2022-05-14T04:45:00,0.178886507347843,9,Extreme Fear,2022-05-14,0.821113492652157,0.91,2.0,3.1366535419312402
2022-05-14 09:00:00,2022-05-14T05:00:00,0.1782243655051367,9,Extreme Fear,2022-05-14,0.8217756344948632,0.91,2.0,3.139182923770378
2022-05-14 09:15:00,2022-05-14T05:15:00,0.215022137664784,9,Extreme Fear,2022-05-14,0.7849778623352159,0.91,2.0,2.998615434120525
2022-05-14 09:30:00,2022-05-14T05:30:00,0.196384505061047,9,Extreme Fear,2022-05-14,0.803615494938953,0.91,2.0,3.0698111906668006
2022-05-14 09:45:00,2022-05-14T05:45:00,0.2136232567055056,9,Extreme Fear,2022-05-14,0.7863767432944944,0.91,2.0,3.003959159384969
2022-05-14 10:00:00,2022-05-14T06:00:00,0.2277821275718003,9,Extreme Fear,2022-05-14,0.7722178724281997,0.91,2.0,2.9498722726757234
2022-05-14 10:15:00,2022-05-14T06:15:00,0.2241810495255208,9,Extreme Fear,2022-05-14,0.7758189504744792,0.91,2.0,2.9636283908125107
2022-05-14 10:30:00,2022-05-14T06:30:00,0.225795865008788,9,Extreme Fear,2022-05-14,0.774204134991212,0.91,2.0,2.95745979566643
2022-05-14 10:45:00,2022-05-14T06:45:00,0.2103464815962598,9,Extreme Fear,2022-05-14,0.7896535184037402,0.91,2.0,3.016476440302288
2022-05-14 11:00:00,2022-05-14T07:00:00,0.2131156997708042,9,Extreme Fear,2022-05-14,0.7868843002291959,0.91,2.0,3.0058980268755287
2022-05-14 11:15:00,2022-05-14T07:15:00,0.2083515041846903,9,Extreme Fear,2022-05-14,0.7916484958153097,0.91,2.0,3.0240972540144835
2022-05-14 11:30:00,2022-05-14T07:30:00,0.2150303319645288,9,Extreme Fear,2022-05-14,0.7849696680354712,0.91,2.0,2.9985841318955
2022-05-14 11:45:00,2022-05-14T07:45:00,0.2090285365441945,9,Extreme Fear,2022-05-14,0.7909714634558055,0.91,2.0,3.021510990401177
2022-05-14 12:00:00,2022-05-14T08:00:00,0.2072733376527346,9,Extreme Fear,2022-05-14,0.7927266623472654,0.91,2.0,3.028215850166554
2022-05-14 12:15:00,2022-05-14T08:15:00,0.2031126588726201,9,Extreme Fear,2022-05-14,0.7968873411273799,0.91,2.0,3.0441096431065913
2022-05-14 12:30:00,2022-05-14T08:30:00,0.1894330679472245,9,Extreme Fear,2022-05-14,0.8105669320527755,0.91,2.0,3.0963656804416027
2022-05-14 12:45:00,2022-05-14T08:45:00,0.1911624391965009,9,Extreme Fear,2022-05-14,0.8088375608034991,0.91,2.0,3.089759482269367
2022-05-14 13:00:00,2022-05-14T09:00:00,0.1878126437180304,9,Extreme Fear,2022-05-14,0.8121873562819696,0.91,2.0,3.102555700997124
2022-05-14 13:15:00,2022-05-14T09:15:00,0.1931832002374808,9,Extreme Fear,2022-05-14,0.8068167997625192,0.91,2.0,3.0820401750928235
2022-05-14 13:30:00,2022-05-14T09:30:00,0.1950075075290276,9,Extreme Fear,2022-05-14,0.8049924924709724,0.91,2.0,3.0750713212391148
2022-05-14 13:45:00,2022-05-14T09:45:00,0.1939337780416549,9,Extreme Fear,2022-05-14,0.8060662219583451,0.91,2.0,3.0791729678808784
2022-05-14 14:00:00,2022-05-14T10:00:00,0.1881370276543594,9,Extreme Fear,2022-05-14,0.8118629723456405,0.91,2.0,3.101316554360347
2022-05-14 14:15:00,2022-05-14T10:15:00,0.181054404961409,9,Extreme Fear,2022-05-14,0.818945595038591,0.91,2.0,3.128372173047418
2022-05-14 14:30:00,2022-05-14T10:30:00,0.1631408352902068,9,Extreme Fear,2022-05-14,0.8368591647097932,0.91,2.0,3.19680200919141
2022-05-14 14:45:00,2022-05-14T10:45:00,0.1783102345993124,9,Extreme Fear,2022-05-14,0.8216897654006876,0.91,2.0,3.138854903830627
2022-05-14 15:00:00,2022-05-14T11:00:00,0.1812061164381486,9,Extreme Fear,2022-05-14,0.8187938835618513,0.91,2.0,3.1277926352062724
2022-05-14 15:15:00,2022-05-14T11:15:00,0.1802735274369875,9,Extreme Fear,2022-05-14,0.8197264725630125,0.91,2.0,3.1313551251907077
2022-05-14 15:30:00,2022-05-14T11:30:00,0.1812193609085475,9,Extreme Fear,2022-05-14,0.8187806390914525,0.91,2.0,3.127742041329349
2022-05-14 15:45:00,2022-05-14T11:45:00,0.1785319748968724,9,Extreme Fear,2022-05-14,0.8214680251031277,0.91,2.0,3.1380078558939477
2022-05-14 16:00:00,2022-05-14T12:00:00,0.1963331160267792,9,Extreme Fear,2022-05-14,0.8036668839732208,0.91,2.0,3.070007496777704
2022-05-14 16:15:00,2022-05-14T12:15:00,0.1842289017875217,9,Extreme Fear,2022-05-14,0.8157710982124783,0.91,2.0,3.116245595171667
2022-05-14 16:30:00,2022-05-14T12:30:00,0.1873213480280232,9,Extreme Fear,2022-05-14,0.8126786519719769,0.91,2.0,3.104432450532952
2022-05-14 16:45:00,2022-05-14T12:45:00,0.1852464014318454,9,Extreme Fear,2022-05-14,0.8147535985681547,0.91,2.0,3.112358746530351
2022-05-14 17:00:00,2022-05-14T13:00:00,0.1848089419966326,9,Extreme Fear,2022-05-14,0.8151910580033674,0.91,2.0,3.1140298415728638
2022-05-14 17:15:00,2022-05-14T13:15:00,0.1841726046149451,9,Extreme Fear,2022-05-14,0.8158273953850549,0.91,2.0,3.11646065037091
2022-05-14 17:30:00,2022-05-14T13:30:00,0.1907379168679588,9,Extreme Fear,2022-05-14,0.8092620831320412,0.91,2.0,3.0913811575643977
2022-05-14 17:45:00,2022-05-14T13:45:00,0.183875544893952,9,Extreme Fear,2022-05-14,0.816124455106048,0.91,2.0,3.1175954185051036
2022-05-14 18:00:00,2022-05-14T14:00:00,0.1834923407023283,9,Extreme Fear,2022-05-14,0.8165076592976717,0.91,2.0,3.119059258517106
2022-05-14 18:15:00,2022-05-14T14:15:00,0.1861109121551374,9,Extreme Fear,2022-05-14,0.8138890878448626,0.91,2.0,3.109056315567375
2022-05-14 18:30:00,2022-05-14T14:30:00,0.1861691051813132,9,Extreme Fear,2022-05-14,0.8138308948186868,0.91,2.0,3.1088340182073835
2022-05-14 18:45:00,2022-05-14T14:45:00,0.1800638780954457,9,Extreme Fear,2022-05-14,0.8199361219045543,0.91,2.0,3.1321559856753978
2022-05-14 19:00:00,2022-05-14T15:00:00,0.1837705529445887,9,Extreme Fear,2022-05-14,0.8162294470554113,0.91,2.0,3.1179964877516717
2022-05-14 19:15:00,2022-05-14T15:15:00,0.1843046695859293,9,Extreme Fear,2022-05-14,0.8156953304140707,0.91,2.0,3.1159561621817504
2022-05-14 19:30:00,2022-05-14T15:30:00,0.1842453291420656,9,Extreme Fear,2022-05-14,0.8157546708579344,0.91,2.0,3.1161828426773095
2022-05-14 19:45:00,2022-05-14T15:45:00,0.184173841623027,9,Extreme Fear,2022-05-14,0.815826158376973,0.91,2.0,3.116455925000037
2022-05-14 20:00:00,2022-05-14T16:00:00,0.1851806738916658,9,Extreme Fear,2022-05-14,0.8148193261083342,0.91,2.0,3.112609825733837
2022-05-14 20:15:00,2022-05-14T16:15:00,0.1870331006154406,9,Extreme Fear,2022-05-14,0.8129668993845593,0.91,2.0,3.105533555649017
2022-05-14 20:30:00,2022-05-14T16:30:00,0.1870730397024539,9,Extreme Fear,2022-05-14,0.8129269602975461,0.91,2.0,3.105380988336626
2022-05-14 20:45:00,2022-05-14T16:45:00,0.1785325329606315,9,Extreme Fear,2022-05-14,0.8214674670393685,0.91,2.0,3.138005724090388
2022-05-14 21:00:00,2022-05-14T17:00:00,0.1832006553356995,9,Extreme Fear,2022-05-14,0.8167993446643005,0.91,2.0,3.120173496617628
2022-05-14 21:15:00,2022-05-14T17:15:00,0.1827272058025989,9,Extreme Fear,2022-05-14,0.8172727941974011,0.91,2.0,3.1219820738340722
2022-05-14 21:30:00,2022-05-14T17:30:00,0.1819479807559038,9,Extreme Fear,2022-05-14,0.8180520192440962,0.91,2.0,3.1249587135124477
2022-05-14 21:45:00,2022-05-14T17:45:00,0.1832044827961891,9,Extreme Fear,2022-05-14,0.8167955172038109,0.91,2.0,3.120158875718558
2022-05-14 22:00:00,2022-05-14T18:00:00,0.18501948257269,9,Extreme Fear,2022-05-14,0.81498051742731,0.91,2.0,3.1132255765723245
2022-05-14 22:15:00,2022-05-14T18:15:00,0.1839578692237349,9,Extreme Fear,2022-05-14,0.8160421307762651,0.91,2.0,3.1172809395653327
2022-05-14 22:30:00,2022-05-14T18:30:00,0.1870686908912068,9,Extreme Fear,2022-05-14,0.8129313091087932,0.91,2.0,3.10539760079559
2022-05-14 22:45:00,2022-05-14T18:45:00,0.1931137951264089,9,Extreme Fear,2022-05-14,0.8068862048735911,0.91,2.0,3.0823053026171183
2022-05-14 23:00:00,2022-05-14T19:00:00,0.1978777940483322,9,Extreme Fear,2022-05-14,0.8021222059516678,0.91,2.0,3.0641068267353715
2022-05-14 23:15:00,2022-05-14T19:15:00,0.1969389326223017,9,Extreme Fear,2022-05-14,0.8030610673776983,0.91,2.0,3.067693277382808
2022-05-14 23:30:00,2022-05-14T19:30:00,0.1920536079307335,9,Extreme Fear,2022-05-14,0.8079463920692664,0.91,2.0,3.086355217704598
2022-05-14 23:45:00,2022-05-14T19:45:00,0.1940294439279385,9,Extreme Fear,2022-05-14,0.8059705560720615,0.91,2.0,3.078807524195275
2022-05-15 00:00:00,2022-05-14T20:00:00,0.1954248556707633,9,Extreme Fear,2022-05-14,0.8045751443292367,0.91,2.0,3.0734770513376843
2022-05-15 00:15:00,2022-05-14T20:15:00,0.1963328105460357,9,Extreme Fear,2022-05-14,0.8036671894539643,0.91,2.0,3.0700086637141437
2022-05-15 00:30:00,2022-05-14T20:30:00,0.1959502691907107,9,Extreme Fear,2022-05-14,0.8040497308092893,0.91,2.0,3.0714699716914855
2022-05-15 00:45:00,2022-05-14T20:45:00,0.1951449358847145,9,Extreme Fear,2022-05-14,0.8048550641152855,0.91,2.0,3.0745463449203907
2022-05-15 01:00:00,2022-05-14T21:00:00,0.2021564535477182,9,Extreme Fear,2022-05-14,0.7978435464522818,0.91,2.0,3.047762347447717
2022-05-15 01:15:00,2022-05-14T21:15:00,0.2161833967455447,9,Extreme Fear,2022-05-14,0.7838166032544553,0.91,2.0,2.9941794244320197
2022-05-15 01:30:00,2022-05-14T21:30:00,0.2253832314770368,9,Extreme Fear,2022-05-14,0.7746167685229632,0.91,2.0,2.95903605575772
2022-05-15 01:45:00,2022-05-14T21:45:00,0.2369031352494068,9,Extreme Fear,2022-05-14,0.7630968647505932,0.91,2.0,2.9150300233472666
2022-05-15 02:00:00,2022-05-14T22:00:00,0.2525719880219311,9,Extreme Fear,2022-05-14,0.747428011978069,0.91,2.0,2.8551750057562235
2022-05-15 02:15:00,2022-05-14T22:15:00,0.239224962251297,9,Extreme Fear,2022-05-14,0.760775037748703,0.91,2.0,2.9061606442000456
2022-05-15 02:30:01,2022-05-14T22:30:01,0.2295542444738534,9,Extreme Fear,2022-05-14,0.7704457555261466,0.91,2.0,2.94310278610988
2022-05-15 02:45:00,2022-05-14T22:45:00,0.2293482244700109,9,Extreme Fear,2022-05-14,0.7706517755299891,0.91,2.0,2.9438897825245585
2022-05-15 03:00:00,2022-05-14T23:00:00,0.2300803165970471,9,Extreme Fear,2022-05-14,0.7699196834029529,0.91,2.0,2.9410931905992803
2022-05-15 03:15:00,2022-05-14T23:15:00,0.2291436237467714,9,Extreme Fear,2022-05-14,0.7708563762532286,0.91,2.0,2.9446713572873335
2022-05-15 03:30:00,2022-05-14T23:30:00,0.220515206419703,9,Extreme Fear,2022-05-14,0.779484793580297,0.91,2.0,2.9776319114767347
2022-05-15 03:45:00,2022-05-14T23:45:00,0.2183875364834437,9,Extreme Fear,2022-05-14,0.7816124635165563,0.91,2.0,2.9857596106332456
2022-05-15 04:00:00,2022-05-15T00:00:00,0.2108203267980188,9,Extreme Fear,2022-05-14,0.7891796732019812,0.91,2.0,3.0146663516315684
2022-05-15 04:15:00,2022-05-15T00:15:00,0.2092603632711977,9,Extreme Fear,2022-05-14,0.7907396367288023,0.91,2.0,3.020625412304025
2022-05-15 04:30:00,2022-05-15T00:30:00,0.2023939940438165,9,Extreme Fear,2022-05-14,0.7976060059561835,0.91,2.0,3.046854942752621
2022-05-15 04:45:00,2022-05-15T00:45:00,0.1981746397911437,9,Extreme Fear,2022-05-14,0.8018253602088563,0.91,2.0,3.0629728759978314
2022-05-15 05:00:00,2022-05-15T01:00:00,0.1993673946086075,9,Extreme Fear,2022-05-14,0.8006326053913925,0.91,2.0,3.0584165525951197
2022-05-15 05:15:00,2022-05-15T01:15:00,0.2021549250132025,9,Extreme Fear,2022-05-14,0.7978450749867975,0.91,2.0,3.0477681864495665
2022-05-15 05:30:00,2022-05-15T01:30:00,0.1942972653302507,10,Extreme Fear,2022-05-15,0.8057027346697493,0.9,2.0,3.061670391745047
2022-05-15 05:45:00,2022-05-15T01:45:00,0.1948018291145151,10,Extreme Fear,2022-05-15,0.805198170885485,0.9,2.0,3.0597530493648426
2022-05-15 06:00:00,2022-05-15T02:00:00,0.1977479886699363,10,Extreme Fear,2022-05-15,0.8022520113300637,0.9,2.0,3.048557643054242
2022-05-15 06:15:00,2022-05-15T02:15:00,0.2017254023817929,10,Extreme Fear,2022-05-15,0.7982745976182071,0.9,2.0,3.033443470949187
2022-05-15 06:30:00,2022-05-15T02:30:00,0.2018445894696004,10,Extreme Fear,2022-05-15,0.7981554105303996,0.9,2.0,3.0329905600155183
2022-05-15 06:45:00,2022-05-15T02:45:00,0.1962523408105364,10,Extreme Fear,2022-05-15,0.8037476591894636,0.9,2.0,3.0542411049199614
2022-05-15 07:00:00,2022-05-15T03:00:00,0.1956058758540333,10,Extreme Fear,2022-05-15,0.8043941241459667,0.9,2.0,3.056697671754673
2022-05-15 07:15:00,2022-05-15T03:15:00,0.1824934459066887,10,Extreme Fear,2022-05-15,0.8175065540933113,0.9,2.0,3.1065249055545827
2022-05-15 07:30:00,2022-05-15T03:30:00,0.1857655357110946,10,Extreme Fear,2022-05-15,0.8142344642889054,0.9,2.0,3.0940909642978407
2022-05-15 07:45:00,2022-05-15T03:45:00,0.1892690897840232,10,Extreme Fear,2022-05-15,0.8107309102159768,0.9,2.0,3.0807774588207115
2022-05-15 08:00:00,2022-05-15T04:00:00,0.1888765924607137,10,Extreme Fear,2022-05-15,0.8111234075392864,0.9,2.0,3.082268948649288
2022-05-15 08:15:00,2022-05-15T04:15:00,0.1992450274361454,10,Extreme Fear,2022-05-15,0.8007549725638546,0.9,2.0,3.0428688957426475
2022-05-15 08:30:00,2022-05-15T04:30:00,0.1957308304935947,10,Extreme Fear,2022-05-15,0.8042691695064053,0.9,2.0,3.0562228441243398
2022-05-15 08:45:00,2022-05-15T04:45:00,0.1986071595881467,10,Extreme Fear,2022-05-15,0.8013928404118533,0.9,2.0,3.0452927935650425
2022-05-15 09:00:00,2022-05-15T05:00:00,0.2067285340575894,10,Extreme Fear,2022-05-15,0.7932714659424106,0.9,2.0,3.01443157058116
2022-05-15 09:15:00,2022-05-15T05:15:00,0.2032644476890666,10,Extreme Fear,2022-05-15,0.7967355523109334,0.9,2.0,3.0275950987815468
2022-05-15 09:30:00,2022-05-15T05:30:00,0.2024847511843779,10,Extreme Fear,2022-05-15,0.7975152488156221,0.9,2.0,3.0305579454993636
2022-05-15 09:45:00,2022-05-15T05:45:00,0.2074615369177895,10,Extreme Fear,2022-05-15,0.7925384630822105,0.9,2.0,3.0116461597124
2022-05-15 10:00:00,2022-05-15T06:00:00,0.2044775865370284,10,Extreme Fear,2022-05-15,0.7955224134629716,0.9,2.0,3.022985171159292
2022-05-15 10:15:00,2022-05-15T06:15:00,0.2033375406358196,10,Extreme Fear,2022-05-15,0.7966624593641805,0.9,2.0,3.0273173455838855
2022-05-15 10:30:00,2022-05-15T06:30:00,0.2016598104735412,10,Extreme Fear,2022-05-15,0.7983401895264588,0.9,2.0,3.0336927202005435
2022-05-15 10:45:00,2022-05-15T06:45:00,0.2015768559082644,10,Extreme Fear,2022-05-15,0.7984231440917355,0.9,2.0,3.034007947548595
2022-05-15 11:00:00,2022-05-15T07:00:00,0.2015870454824878,10,Extreme Fear,2022-05-15,0.7984129545175123,0.9,2.0,3.0339692271665464
2022-05-15 11:15:00,2022-05-15T07:15:00,0.1975722305567905,10,Extreme Fear,2022-05-15,0.8024277694432095,0.9,2.0,3.049225523884196
2022-05-15 11:30:00,2022-05-15T07:30:00,0.198357903573521,10,Extreme Fear,2022-05-15,0.801642096426479,0.9,2.0,3.04623996642062
2022-05-15 11:45:00,2022-05-15T07:45:00,0.2000915764504036,10,Extreme Fear,2022-05-15,0.7999084235495963,0.9,2.0,3.039652009488466
2022-05-15 12:00:00,2022-05-15T08:00:00,0.1968956986635801,10,Extreme Fear,2022-05-15,0.8031043013364199,0.9,2.0,3.051796345078395
2022-05-15 12:15:00,2022-05-15T08:15:00,0.1958830610810928,10,Extreme Fear,2022-05-15,0.8041169389189072,0.9,2.0,3.0556443678918472
2022-05-15 12:30:00,2022-05-15T08:30:00,0.1984790192979783,10,Extreme Fear,2022-05-15,0.8015209807020217,0.9,2.0,3.0457797266676825
2022-05-15 12:45:00,2022-05-15T08:45:00,0.1958478660549877,10,Extreme Fear,2022-05-15,0.8041521339450123,0.9,2.0,3.0557781089910465
2022-05-15 13:00:00,2022-05-15T09:00:00,0.1963670020379497,10,Extreme Fear,2022-05-15,0.8036329979620502,0.9,2.0,3.0538053922557906
2022-05-15 13:15:00,2022-05-15T09:15:00,0.1961702334357723,10,Extreme Fear,2022-05-15,0.8038297665642277,0.9,2.0,3.054553112944065
2022-05-15 13:30:00,2022-05-15T09:30:00,0.1915475223976838,10,Extreme Fear,2022-05-15,0.8084524776023162,0.9,2.0,3.0721194148888014
2022-05-15 13:45:00,2022-05-15T09:45:00,0.1847397788697516,10,Extreme Fear,2022-05-15,0.8152602211302484,0.9,2.0,3.097988840294944
2022-05-15 14:00:00,2022-05-15T10:00:00,0.1776757971296366,10,Extreme Fear,2022-05-15,0.8223242028703635,0.9,2.0,3.124831970907381
2022-05-15 14:15:00,2022-05-15T10:15:00,0.1770399976613471,10,Extreme Fear,2022-05-15,0.822960002338653,0.9,2.0,3.1272480088868813
2022-05-15 14:30:00,2022-05-15T10:30:00,0.1775697763561431,10,Extreme Fear,2022-05-15,0.8224302236438569,0.9,2.0,3.125234849846656
2022-05-15 14:45:00,2022-05-15T10:45:00,0.1795238778067567,10,Extreme Fear,2022-05-15,0.8204761221932433,0.9,2.0,3.1178092643343245
2022-05-15 15:00:00,2022-05-15T11:00:00,0.1776012523482159,10,Extreme Fear,2022-05-15,0.8223987476517841,0.9,2.0,3.1251152410767795
2022-05-15 15:15:00,2022-05-15T11:15:00,0.1770661534714096,10,Extreme Fear,2022-05-15,0.8229338465285904,0.9,2.0,3.1271486168086433
2022-05-15 15:30:00,2022-05-15T11:30:00,0.1756977185067843,10,Extreme Fear,2022-05-15,0.8243022814932157,0.9,2.0,3.1323486696742195
2022-05-15 15:45:00,2022-05-15T11:45:00,0.1774991048784029,10,Extreme Fear,2022-05-15,0.8225008951215971,0.9,2.0,3.1255034014620686
2022-05-15 16:00:00,2022-05-15T12:00:00,0.1808937683154822,10,Extreme Fear,2022-05-15,0.8191062316845178,0.9,2.0,3.1126036804011674
2022-05-15 16:15:00,2022-05-15T12:15:00,0.1823664939652068,10,Extreme Fear,2022-05-15,0.8176335060347932,0.9,2.0,3.107007322932214
2022-05-15 16:30:00,2022-05-15T12:30:00,0.18396633711683,10,Extreme Fear,2022-05-15,0.81603366288317,0.9,2.0,3.100927918956046
2022-05-15 16:45:00,2022-05-15T12:45:00,0.1828607835825802,10,Extreme Fear,2022-05-15,0.8171392164174198,0.9,2.0,3.1051290223861954
2022-05-15 17:00:00,2022-05-15T13:00:00,0.181971521745503,10,Extreme Fear,2022-05-15,0.818028478254497,0.9,2.0,3.1085082173670884
2022-05-15 17:15:00,2022-05-15T13:15:00,0.1803839667750349,10,Extreme Fear,2022-05-15,0.8196160332249651,0.9,2.0,3.1145409262548673
2022-05-15 17:30:00,2022-05-15T13:30:00,0.1800652642490383,10,Extreme Fear,2022-05-15,0.8199347357509617,0.9,2.0,3.115751995853654
2022-05-15 17:45:00,2022-05-15T13:45:00,0.1778280836790468,10,Extreme Fear,2022-05-15,0.8221719163209532,0.9,2.0,3.1242532820196223
2022-05-15 18:00:00,2022-05-15T14:00:00,0.1733043589655739,10,Extreme Fear,2022-05-15,0.8266956410344262,0.9,2.0,3.141443435930819
2022-05-15 18:15:00,2022-05-15T14:15:00,0.1735409710493873,10,Extreme Fear,2022-05-15,0.8264590289506127,0.9,2.0,3.1405443100123285
2022-05-15 18:30:00,2022-05-15T14:30:00,0.1737138781790122,10,Extreme Fear,2022-05-15,0.8262861218209878,0.9,2.0,3.1398872629197534
2022-05-15 18:45:00,2022-05-15T14:45:00,0.1734543398081638,10,Extreme Fear,2022-05-15,0.8265456601918362,0.9,2.0,3.140873508728977
2022-05-15 19:00:00,2022-05-15T15:00:00,0.1712296721222837,10,Extreme Fear,2022-05-15,0.8287703278777163,0.9,2.0,3.149327245935322
2022-05-15 19:15:00,2022-05-15T15:15:00,0.1704917457513453,10,Extreme Fear,2022-05-15,0.8295082542486547,0.9,2.0,3.1521313661448875
2022-05-15 19:30:00,2022-05-15T15:30:00,0.173306376498535,10,Extreme Fear,2022-05-15,0.826693623501465,0.9,2.0,3.141435769305567
2022-05-15 19:45:00,2022-05-15T15:45:00,0.1726030743297139,10,Extreme Fear,2022-05-15,0.8273969256702861,0.9,2.0,3.144108317547087
2022-05-15 20:00:00,2022-05-15T16:00:00,0.1764395061154706,10,Extreme Fear,2022-05-15,0.8235604938845293,0.9,2.0,3.1295298767612114
2022-05-15 20:15:00,2022-05-15T16:15:00,0.1815834102420296,10,Extreme Fear,2022-05-15,0.8184165897579704,0.9,2.0,3.1099830410802873
2022-05-15 20:30:00,2022-05-15T16:30:00,0.1821469532907761,10,Extreme Fear,2022-05-15,0.8178530467092239,0.9,2.0,3.1078415774950505
2022-05-15 20:45:00,2022-05-15T16:45:00,0.1814042409431119,10,Extreme Fear,2022-05-15,0.8185957590568881,0.9,2.0,3.1106638844161747
2022-05-15 21:00:00,2022-05-15T17:00:00,0.179358762338855,10,Extreme Fear,2022-05-15,0.8206412376611449,0.9,2.0,3.1184367031123505
2022-05-15 21:15:00,2022-05-15T17:15:00,0.1779763140657371,10,Extreme Fear,2022-05-15,0.8220236859342629,0.9,2.0,3.123690006550199
2022-05-15 21:30:00,2022-05-15T17:30:00,0.175391228756322,10,Extreme Fear,2022-05-15,0.824608771243678,0.9,2.0,3.1335133307259766
2022-05-15 21:45:00,2022-05-15T17:45:00,0.1763453415025521,10,Extreme Fear,2022-05-15,0.8236546584974479,0.9,2.0,3.129887702290302
2022-05-15 22:00:00,2022-05-15T18:00:00,0.1751484580759459,10,Extreme Fear,2022-05-15,0.8248515419240541,0.9,2.0,3.1344358593114054
2022-05-15 22:15:00,2022-05-15T18:15:00,0.178295660222336,10,Extreme Fear,2022-05-15,0.821704339777664,0.9,2.0,3.122476491155123
2022-05-15 22:30:00,2022-05-15T18:30:00,0.1768905408192893,10,Extreme Fear,2022-05-15,0.8231094591807107,0.9,2.0,3.1278159448867004
2022-05-15 22:45:00,2022-05-15T18:45:00,0.1779024676974149,10,Extreme Fear,2022-05-15,0.8220975323025851,0.9,2.0,3.123970622749823
2022-05-15 23:00:00,2022-05-15T19:00:00,0.1776997915344896,10,Extreme Fear,2022-05-15,0.8223002084655104,0.9,2.0,3.1247407921689394
2022-05-15 23:15:00,2022-05-15T19:15:00,0.1763919569261086,10,Extreme Fear,2022-05-15,0.8236080430738915,0.9,2.0,3.1297105636807876
2022-05-15 23:30:01,2022-05-15T19:30:01,0.1757449652358482,10,Extreme Fear,2022-05-15,0.8242550347641517,0.9,2.0,3.1321691321037766
2022-05-15 23:45:00,2022-05-15T19:45:00,0.1778603752957931,10,Extreme Fear,2022-05-15,0.8221396247042069,0.9,2.0,3.124130573875986
2022-05-16 00:00:00,2022-05-15T20:00:00,0.1768804501215393,10,Extreme Fear,2022-05-15,0.8231195498784607,0.9,2.0,3.1278542895381505
2022-05-16 00:15:00,2022-05-15T20:15:00,0.1773943517241144,10,Extreme Fear,2022-05-15,0.8226056482758856,0.9,2.0,3.125901463448365
2022-05-16 00:30:00,2022-05-15T20:30:00,0.1794353249543293,10,Extreme Fear,2022-05-15,0.8205646750456708,0.9,2.0,3.1181457651735487
2022-05-16 00:45:00,2022-05-15T20:45:00,0.1808571386842887,10,Extreme Fear,2022-05-15,0.8191428613157112,0.9,2.0,3.1127428729997026
2022-05-16 01:00:00,2022-05-15T21:00:00,0.1790440794672024,10,Extreme Fear,2022-05-15,0.8209559205327976,0.9,2.0,3.119632498024631
2022-05-16 01:15:00,2022-05-15T21:15:00,0.1784223997070603,10,Extreme Fear,2022-05-15,0.8215776002929397,0.9,2.0,3.121994881113171
2022-05-16 01:30:00,2022-05-15T21:30:00,0.1787927831995334,10,Extreme Fear,2022-05-15,0.8212072168004666,0.9,2.0,3.120587423841773
2022-05-16 01:45:00,2022-05-15T21:45:00,0.182511603841436,10,Extreme Fear,2022-05-15,0.817488396158564,0.9,2.0,3.1064559054025427
2022-05-16 02:00:00,2022-05-15T22:00:00,0.185778143692645,10,Extreme Fear,2022-05-15,0.814221856307355,0.9,2.0,3.094043053967949
2022-05-16 02:15:00,2022-05-15T22:15:00,0.1830406027096209,10,Extreme Fear,2022-05-15,0.8169593972903791,0.9,2.0,3.1044457097034406
2022-05-16 02:30:00,2022-05-15T22:30:00,0.1814576480511774,10,Extreme Fear,2022-05-15,0.8185423519488226,0.9,2.0,3.110460937405526
2022-05-16 02:45:00,2022-05-15T22:45:00,0.180044183001872,10,Extreme Fear,2022-05-15,0.819955816998128,0.9,2.0,3.1158321045928865
2022-05-16 03:00:00,2022-05-15T23:00:00,0.1775056913964928,10,Extreme Fear,2022-05-15,0.8224943086035073,0.9,2.0,3.1254783726933275
2022-05-16 03:15:00,2022-05-15T23:15:00,0.1766651619888191,10,Extreme Fear,2022-05-15,0.8233348380111809,0.9,2.0,3.128672384442487
2022-05-16 03:30:00,2022-05-15T23:30:00,0.1774175945706667,10,Extreme Fear,2022-05-15,0.8225824054293334,0.9,2.0,3.1258131406314664
2022-05-16 03:45:00,2022-05-15T23:45:00,0.1773194589672307,10,Extreme Fear,2022-05-15,0.8226805410327693,0.9,2.0,3.1261860559245234
2022-05-16 04:00:00,2022-05-16T00:00:00,0.1764733388711332,10,Extreme Fear,2022-05-15,0.8235266611288667,0.9,2.0,3.1294013122896933
2022-05-16 04:15:00,2022-05-16T00:15:00,0.1776065988117979,10,Extreme Fear,2022-05-15,0.8223934011882021,0.9,2.0,3.125094924515168
2022-05-16 04:30:00,2022-05-16T00:30:00,0.1780885896898063,10,Extreme Fear,2022-05-15,0.8219114103101937,0.9,2.0,3.1232633591787358
2022-05-16 04:45:00,2022-05-16T00:45:00,0.1758584791723275,10,Extreme Fear,2022-05-15,0.8241415208276726,0.9,2.0,3.1317377791451557
2022-05-16 05:00:00,2022-05-16T01:00:00,0.1761069743248481,10,Extreme Fear,2022-05-15,0.8238930256751519,0.9,2.0,3.130793497565577
2022-05-16 05:15:00,2022-05-16T01:15:00,0.1747013715670912,10,Extreme Fear,2022-05-15,0.8252986284329088,0.9,2.0,3.1361347880450534
2022-05-16 05:30:00,2022-05-16T01:30:00,0.1760796804750948,14,Extreme Fear,2022-05-16,0.8239203195249052,0.86,2.0,3.0649835886326473
2022-05-16 05:45:00,2022-05-16T01:45:00,0.1761055852821314,14,Extreme Fear,2022-05-16,0.8238944147178686,0.86,2.0,3.064887222750471
2022-05-16 06:00:00,2022-05-16T02:00:00,0.1759297070787105,14,Extreme Fear,2022-05-16,0.8240702929212895,0.86,2.0,3.0655414896671966
2022-05-16 06:15:00,2022-05-16T02:15:00,0.1719141523914913,14,Extreme Fear,2022-05-16,0.8280858476085087,0.86,2.0,3.080479353103652
2022-05-16 06:30:00,2022-05-16T02:30:00,0.16992918415823,14,Extreme Fear,2022-05-16,0.83007081584177,0.86,2.0,3.0878634349313843
2022-05-16 06:45:00,2022-05-16T02:45:00,0.1674069940670354,14,Extreme Fear,2022-05-16,0.8325930059329646,0.86,2.0,3.097245982070628
2022-05-16 07:00:00,2022-05-16T03:00:00,0.1663737138053215,14,Extreme Fear,2022-05-16,0.8336262861946785,0.86,2.0,3.101089784644204
2022-05-16 07:15:00,2022-05-16T03:15:00,0.1656067097854722,14,Extreme Fear,2022-05-16,0.8343932902145278,0.86,2.0,3.103943039598043
2022-05-16 07:30:00,2022-05-16T03:30:00,0.1653897922127095,14,Extreme Fear,2022-05-16,0.8346102077872906,0.86,2.0,3.1047499729687207
2022-05-16 07:45:00,2022-05-16T03:45:00,0.162832686695225,14,Extreme Fear,2022-05-16,0.837167313304775,0.86,2.0,3.1142624054937627
2022-05-16 08:00:00,2022-05-16T04:00:00,0.1638395718783233,14,Extreme Fear,2022-05-16,0.8361604281216767,0.86,2.0,3.110516792612637
2022-05-16 08:15:00,2022-05-16T04:15:00,0.1639319900092137,14,Extreme Fear,2022-05-16,0.8360680099907862,0.86,2.0,3.1101729971657246
2022-05-16 08:30:00,2022-05-16T04:30:00,0.1662113678910621,14,Extreme Fear,2022-05-16,0.8337886321089378,0.86,2.0,3.1016937114452485
2022-05-16 08:45:00,2022-05-16T04:45:00,0.1613181102618191,14,Extreme Fear,2022-05-16,0.8386818897381809,0.86,2.0,3.119896629826033
2022-05-16 09:00:00,2022-05-16T05:00:00,0.1603675206758389,14,Extreme Fear,2022-05-16,0.8396324793241611,0.86,2.0,3.1234328230858788
2022-05-16 09:15:00,2022-05-16T05:15:00,0.1567373648790813,14,Extreme Fear,2022-05-16,0.8432626351209187,0.86,2.0,3.1369370026498173
2022-05-16 09:30:00,2022-05-16T05:30:00,0.1329036289771807,14,Extreme Fear,2022-05-16,0.8670963710228193,0.86,2.0,3.225598500204888
2022-05-16 09:45:00,2022-05-16T05:45:00,0.1344384631137319,14,Extreme Fear,2022-05-16,0.8655615368862681,0.86,2.0,3.219888917216917
2022-05-16 10:00:00,2022-05-16T06:00:00,0.124771609945999,14,Extreme Fear,2022-05-16,0.875228390054001,0.86,2.0,3.2558496110008837
2022-05-16 10:15:00,2022-05-16T06:15:00,0.129703638759035,14,Extreme Fear,2022-05-16,0.870296361240965,0.86,2.0,3.2375024638163894
2022-05-16 10:30:00,2022-05-16T06:30:00,0.1268361929604191,14,Extreme Fear,2022-05-16,0.8731638070395809,0.86,2.0,3.2481693621872405
2022-05-16 10:45:00,2022-05-16T06:45:00,0.1276109322054516,14,Extreme Fear,2022-05-16,0.8723890677945484,0.86,2.0,3.2452873321957196
2022-05-16 11:00:00,2022-05-16T07:00:00,0.1276305970172522,14,Extreme Fear,2022-05-16,0.8723694029827478,0.86,2.0,3.2452141790958215
2022-05-16 11:15:00,2022-05-16T07:15:00,0.1270223172243913,14,Extreme Fear,2022-05-16,0.8729776827756087,0.86,2.0,3.2474769799252643
2022-05-16 11:30:00,2022-05-16T07:30:00,0.1280600353636767,14,Extreme Fear,2022-05-16,0.8719399646363233,0.86,2.0,3.2436166684471224
2022-05-16 11:45:00,2022-05-16T07:45:00,0.1277643389931999,14,Extreme Fear,2022-05-16,0.8722356610068001,0.86,2.0,3.244716658945296
2022-05-16 12:00:00,2022-05-16T08:00:00,0.1277555104946747,14,Extreme Fear,2022-05-16,0.8722444895053253,0.86,2.0,3.2447495009598097
2022-05-16 12:15:01,2022-05-16T08:15:01,0.1275533416707,14,Extreme Fear,2022-05-16,0.8724466583293,0.86,2.0,3.245501568984996
2022-05-16 12:30:00,2022-05-16T08:30:00,0.1274431557390586,14,Extreme Fear,2022-05-16,0.8725568442609414,0.86,2.0,3.2459114606507016
2022-05-16 12:45:01,2022-05-16T08:45:01,0.1286986970372979,14,Extreme Fear,2022-05-16,0.8713013029627021,0.86,2.0,3.2412408470212517
2022-05-16 13:00:00,2022-05-16T09:00:00,0.1279149782445083,14,Extreme Fear,2022-05-16,0.8720850217554917,0.86,2.0,3.244156280930429
2022-05-16 13:15:00,2022-05-16T09:15:00,0.117527241347408,14,Extreme Fear,2022-05-16,0.882472758652592,0.86,2.0,3.282798662187642
2022-05-16 13:30:00,2022-05-16T09:30:00,0.1137486578290673,14,Extreme Fear,2022-05-16,0.8862513421709327,0.86,2.0,3.2968549928758693
2022-05-16 13:45:00,2022-05-16T09:45:00,0.114990153572062,14,Extreme Fear,2022-05-16,0.885009846427938,0.86,2.0,3.292236628711929
2022-05-16 14:00:00,2022-05-16T10:00:00,0.1109209434500908,14,Extreme Fear,2022-05-16,0.8890790565499092,0.86,2.0,3.307374090365662
2022-05-16 14:15:00,2022-05-16T10:15:00,0.1104336849197051,14,Extreme Fear,2022-05-16,0.8895663150802949,0.86,2.0,3.309186692098697
2022-05-16 14:30:00,2022-05-16T10:30:00,0.1106604201364159,14,Extreme Fear,2022-05-16,0.8893395798635841,0.86,2.0,3.308343237092533
2022-05-16 14:45:00,2022-05-16T10:45:00,0.1065735665447311,14,Extreme Fear,2022-05-16,0.8934264334552688,0.86,2.0,3.3235463324535996
2022-05-16 15:00:00,2022-05-16T11:00:00,0.1007837548178123,14,Extreme Fear,2022-05-16,0.8992162451821877,0.86,2.0,3.345084432077738
2022-05-16 15:15:00,2022-05-16T11:15:00,0.0949511595413316,14,Extreme Fear,2022-05-16,0.9050488404586684,0.86,2.0,3.366781686506246
2022-05-16 15:30:00,2022-05-16T11:30:00,0.095196966794203,14,Extreme Fear,2022-05-16,0.904803033205797,0.86,2.0,3.3658672835255645
2022-05-16 15:45:00,2022-05-16T11:45:00,0.0950660494483667,14,Extreme Fear,2022-05-16,0.9049339505516333,0.86,2.0,3.3663542960520756
2022-05-16 16:00:00,2022-05-16T12:00:00,0.0947318247955634,14,Extreme Fear,2022-05-16,0.9052681752044366,0.86,2.0,3.367597611760504
2022-05-16 16:15:00,2022-05-16T12:15:00,0.0959286415688918,14,Extreme Fear,2022-05-16,0.9040713584311082,0.86,2.0,3.3631454533637224
2022-05-16 16:30:00,2022-05-16T12:30:00,0.1013581393034937,14,Extreme Fear,2022-05-16,0.8986418606965063,0.86,2.0,3.342947721791003
2022-05-16 16:45:00,2022-05-16T12:45:00,0.1012096289557087,14,Extreme Fear,2022-05-16,0.8987903710442913,0.86,2.0,3.3435001802847633
2022-05-16 17:00:00,2022-05-16T13:00:00,0.09553439132041,14,Extreme Fear,2022-05-16,0.90446560867959,0.86,2.0,3.3646120642880746
2022-05-16 17:15:00,2022-05-16T13:15:00,0.0973604339702364,14,Extreme Fear,2022-05-16,0.9026395660297636,0.86,2.0,3.3578191856307202
2022-05-16 17:30:01,2022-05-16T13:30:01,0.098896792554265,14,Extreme Fear,2022-05-16,0.901103207445735,0.86,2.0,3.3521039316981343
2022-05-16 17:45:00,2022-05-16T13:45:00,0.1012817692675681,14,Extreme Fear,2022-05-16,0.898718230732432,0.86,2.0,3.3432318183246466
2022-05-16 18:00:00,2022-05-16T14:00:00,0.1046838859347512,14,Extreme Fear,2022-05-16,0.8953161140652488,0.86,2.0,3.3305759443227254
2022-05-16 18:15:00,2022-05-16T14:15:00,0.1104726624658625,14,Extreme Fear,2022-05-16,0.8895273375341375,0.86,2.0,3.3090416956269912
2022-05-16 18:30:00,2022-05-16T14:30:00,0.1185406112660311,14,Extreme Fear,2022-05-16,0.8814593887339689,0.86,2.0,3.2790289260903642
2022-05-16 18:45:00,2022-05-16T14:45:00,0.1173348986529892,14,Extreme Fear,2022-05-16,0.8826651013470108,0.86,2.0,3.28351417701088
2022-05-16 19:00:00,2022-05-16T15:00:00,0.1177656161148689,14,Extreme Fear,2022-05-16,0.8822343838851311,0.86,2.0,3.2819119080526873
2022-05-16 19:15:00,2022-05-16T15:15:00,0.1179057277160975,14,Extreme Fear,2022-05-16,0.8820942722839025,0.86,2.0,3.281390692896117
2022-05-16 19:30:00,2022-05-16T15:30:00,0.1205566271907771,14,Extreme Fear,2022-05-16,0.8794433728092229,0.86,2.0,3.271529346850309
2022-05-16 19:45:00,2022-05-16T15:45:00,0.1181649044945388,14,Extreme Fear,2022-05-16,0.8818350955054612,0.86,2.0,3.280426555280316
2022-05-16 20:00:00,2022-05-16T16:00:00,0.118186518955283,14,Extreme Fear,2022-05-16,0.881813481044717,0.86,2.0,3.280346149486347
2022-05-16 20:15:00,2022-05-16T16:15:00,0.1168889051106283,14,Extreme Fear,2022-05-16,0.8831110948893717,0.86,2.0,3.2851732729884624
2022-05-16 20:30:00,2022-05-16T16:30:00,0.1138576648586285,14,Extreme Fear,2022-05-16,0.8861423351413715,0.86,2.0,3.2964494867259018
2022-05-16 20:45:00,2022-05-16T16:45:00,0.1137116480629417,14,Extreme Fear,2022-05-16,0.8862883519370583,0.86,2.0,3.296992669205857
2022-05-16 21:00:00,2022-05-16T17:00:00,0.1128571498703221,14,Extreme Fear,2022-05-16,0.8871428501296779,0.86,2.0,3.3001714024824014
2022-05-16 21:15:00,2022-05-16T17:15:00,0.1123619076660921,14,Extreme Fear,2022-05-16,0.8876380923339079,0.86,2.0,3.302013703482137
2022-05-16 21:30:00,2022-05-16T17:30:00,0.1131730761921079,14,Extreme Fear,2022-05-16,0.8868269238078921,0.86,2.0,3.2989961565653583
2022-05-16 21:45:00,2022-05-16T17:45:00,0.1136229921927286,14,Extreme Fear,2022-05-16,0.8863770078072714,0.86,2.0,3.297322469043049
2022-05-16 22:00:00,2022-05-16T18:00:00,0.1135847862271199,14,Extreme Fear,2022-05-16,0.8864152137728801,0.86,2.0,3.297464595235114
2022-05-16 22:15:00,2022-05-16T18:15:00,0.1139961482169594,14,Extreme Fear,2022-05-16,0.8860038517830406,0.86,2.0,3.295934328632911
2022-05-16 22:30:00,2022-05-16T18:30:00,0.1137243659374961,14,Extreme Fear,2022-05-16,0.8862756340625039,0.86,2.0,3.2969453587125144
2022-05-16 22:45:00,2022-05-16T18:45:00,0.1148685198036631,14,Extreme Fear,2022-05-16,0.8851314801963369,0.86,2.0,3.292689106330373
2022-05-16 23:00:00,2022-05-16T19:00:00,0.1254629169445131,14,Extreme Fear,2022-05-16,0.8745370830554869,0.86,2.0,3.2532779489664114
2022-05-16 23:15:00,2022-05-16T19:15:00,0.1234234603486503,14,Extreme Fear,2022-05-16,0.8765765396513497,0.86,2.0,3.2608647275030207
2022-05-16 23:30:00,2022-05-16T19:30:00,0.1243066550575804,14,Extreme Fear,2022-05-16,0.8756933449424196,0.86,2.0,3.2575792431858006
2022-05-16 23:45:00,2022-05-16T19:45:00,0.1239754021632811,14,Extreme Fear,2022-05-16,0.8760245978367189,0.86,2.0,3.258811503952594
2022-05-17 00:00:00,2022-05-16T20:00:00,0.1258750769552523,14,Extreme Fear,2022-05-16,0.8741249230447476,0.86,2.0,3.251744713726461
2022-05-17 00:15:00,2022-05-16T20:15:00,0.1205842863567885,14,Extreme Fear,2022-05-16,0.8794157136432115,0.86,2.0,3.2714264547527465
2022-05-17 00:30:00,2022-05-16T20:30:00,0.1191616920722115,14,Extreme Fear,2022-05-16,0.8808383079277885,0.86,2.0,3.276718505491373
2022-05-17 00:45:00,2022-05-16T20:45:00,0.1274045177717523,14,Extreme Fear,2022-05-16,0.8725954822282477,0.86,2.0,3.246055193889081
2022-05-17 01:00:01,2022-05-16T21:00:01,0.1284344176730795,14,Extreme Fear,2022-05-16,0.8715655823269205,0.86,2.0,3.242223966256144
2022-05-17 01:15:00,2022-05-16T21:15:00,0.129647728767007,14,Extreme Fear,2022-05-16,0.870352271232993,0.86,2.0,3.2377104489867334
2022-05-17 01:30:00,2022-05-16T21:30:00,0.1280508192220191,14,Extreme Fear,2022-05-16,0.8719491807779809,0.86,2.0,3.2436509524940886
2022-05-17 01:45:00,2022-05-16T21:45:00,0.1273298639023722,14,Extreme Fear,2022-05-16,0.8726701360976278,0.86,2.0,3.246332906283175
2022-05-17 02:00:00,2022-05-16T22:00:00,0.1286279009598242,14,Extreme Fear,2022-05-16,0.8713720990401758,0.86,2.0,3.2415042084294536
2022-05-17 02:15:00,2022-05-16T22:15:00,0.1274181410674465,14,Extreme Fear,2022-05-16,0.8725818589325535,0.86,2.0,3.2460045152290986
2022-05-17 02:30:00,2022-05-16T22:30:00,0.1243268431424704,14,Extreme Fear,2022-05-16,0.8756731568575296,0.86,2.0,3.2575041435100096
2022-05-17 02:45:00,2022-05-16T22:45:00,0.1241530814723654,14,Extreme Fear,2022-05-16,0.8758469185276346,0.86,2.0,3.2581505369228005
2022-05-17 03:00:00,2022-05-16T23:00:00,0.1254945893447725,14,Extreme Fear,2022-05-16,0.8745054106552275,0.86,2.0,3.2531601276374458
2022-05-17 03:15:00,2022-05-16T23:15:00,0.1251383203537653,14,Extreme Fear,2022-05-16,0.8748616796462347,0.86,2.0,3.254485448283993
2022-05-17 03:30:00,2022-05-16T23:30:00,0.1239329303967684,14,Extreme Fear,2022-05-16,0.8760670696032316,0.86,2.0,3.258969498924021
2022-05-17 03:45:01,2022-05-16T23:45:01,0.1242603928982156,14,Extreme Fear,2022-05-16,0.8757396071017844,0.86,2.0,3.257751338418638
2022-05-17 04:00:00,2022-05-17T00:00:00,0.1232887481297084,14,Extreme Fear,2022-05-16,0.8767112518702916,0.86,2.0,3.2613658569574846
2022-05-17 04:15:00,2022-05-17T00:15:00,0.1233377690903026,14,Extreme Fear,2022-05-16,0.8766622309096974,0.86,2.0,3.261183498984074
2022-05-17 04:30:00,2022-05-17T00:30:00,0.1247979224362998,14,Extreme Fear,2022-05-16,0.8752020775637002,0.86,2.0,3.2557517285369646
2022-05-17 04:45:00,2022-05-17T00:45:00,0.1255037893215608,14,Extreme Fear,2022-05-16,0.8744962106784392,0.86,2.0,3.2531259037237934
2022-05-17 05:00:00,2022-05-17T01:00:00,0.1269068306508571,14,Extreme Fear,2022-05-16,0.8730931693491429,0.86,2.0,3.2479065899788115
2022-05-17 05:15:00,2022-05-17T01:15:00,0.127296045335875,14,Extreme Fear,2022-05-16,0.872703954664125,0.86,2.0,3.2464587113505448
2022-05-17 05:30:00,2022-05-17T01:30:00,0.1270685720475123,8,Extreme Fear,2022-05-17,0.8729314279524877,0.92,2.0,3.3520566833375525
2022-05-17 05:45:00,2022-05-17T01:45:00,0.1332279275817853,8,Extreme Fear,2022-05-17,0.8667720724182146,0.92,2.0,3.328404758085944
2022-05-17 06:00:00,2022-05-17T02:00:00,0.1303350928445393,8,Extreme Fear,2022-05-17,0.8696649071554607,0.92,2.0,3.339513243476969
2022-05-17 06:15:00,2022-05-17T02:15:00,0.1312507926520436,8,Extreme Fear,2022-05-17,0.8687492073479564,0.92,2.0,3.335996956216152
2022-05-17 06:30:00,2022-05-17T02:30:00,0.1313072165440344,8,Extreme Fear,2022-05-17,0.8686927834559656,0.92,2.0,3.335780288470908
2022-05-17 06:45:00,2022-05-17T02:45:00,0.1329341393191722,8,Extreme Fear,2022-05-17,0.8670658606808278,0.92,2.0,3.3295329050143785
2022-05-17 07:00:00,2022-05-17T03:00:00,0.1333246031942624,8,Extreme Fear,2022-05-17,0.8666753968057376,0.92,2.0,3.328033523734032
2022-05-17 07:15:00,2022-05-17T03:15:00,0.1561153868069896,8,Extreme Fear,2022-05-17,0.8438846131930104,0.92,2.0,3.24051691466116
2022-05-17 07:30:00,2022-05-17T03:30:00,0.153447890240401,8,Extreme Fear,2022-05-17,0.8465521097595989,0.92,2.0,3.25076010147686
2022-05-17 07:45:00,2022-05-17T03:45:00,0.1534755629476034,8,Extreme Fear,2022-05-17,0.8465244370523966,0.92,2.0,3.2506538382812025
2022-05-17 08:00:00,2022-05-17T04:00:00,0.1416558616786596,8,Extreme Fear,2022-05-17,0.8583441383213404,0.92,2.0,3.296041491153947
2022-05-17 08:15:00,2022-05-17T04:15:00,0.1341843570691648,8,Extreme Fear,2022-05-17,0.8658156429308352,0.92,2.0,3.324732068854407
2022-05-17 08:30:00,2022-05-17T04:30:00,0.1368529304137192,8,Extreme Fear,2022-05-17,0.8631470695862808,0.92,2.0,3.3144847472113184
2022-05-17 08:45:00,2022-05-17T04:45:00,0.128637561527439,8,Extreme Fear,2022-05-17,0.871362438472561,0.92,2.0,3.346031763734634
2022-05-17 09:00:00,2022-05-17T05:00:00,0.1276777143797185,8,Extreme Fear,2022-05-17,0.8723222856202815,0.92,2.0,3.3497175767818805
2022-05-17 09:15:00,2022-05-17T05:15:00,0.1288119982185937,8,Extreme Fear,2022-05-17,0.8711880017814063,0.92,2.0,3.3453619268406003
2022-05-17 09:30:00,2022-05-17T05:30:00,0.1281328508867961,8,Extreme Fear,2022-05-17,0.871867149113204,0.92,2.0,3.3479698525947033
2022-05-17 09:45:00,2022-05-17T05:45:00,0.1255318602769988,8,Extreme Fear,2022-05-17,0.8744681397230012,0.92,2.0,3.3579576565363243
2022-05-17 10:00:01,2022-05-17T06:00:01,0.1253800158220007,8,Extreme Fear,2022-05-17,0.8746199841779994,0.92,2.0,3.3585407392435176
2022-05-17 10:15:00,2022-05-17T06:15:00,0.1252315888904346,8,Extreme Fear,2022-05-17,0.8747684111095654,0.92,2.0,3.359110698660731
2022-05-17 10:30:00,2022-05-17T06:30:00,0.124999400781397,8,Extreme Fear,2022-05-17,0.875000599218603,0.92,2.0,3.3600023009994353
2022-05-17 10:45:00,2022-05-17T06:45:00,0.1239766770260191,8,Extreme Fear,2022-05-17,0.8760233229739809,0.92,2.0,3.3639295602200865
2022-05-17 11:00:00,2022-05-17T07:00:00,0.1242176799630246,8,Extreme Fear,2022-05-17,0.8757823200369754,0.92,2.0,3.3630041089419853
2022-05-17 11:15:01,2022-05-17T07:15:01,0.1242428288208966,8,Extreme Fear,2022-05-17,0.8757571711791035,0.92,2.0,3.3629075373277573
2022-05-17 11:30:00,2022-05-17T07:30:00,0.1240505068619192,8,Extreme Fear,2022-05-17,0.8759494931380808,0.92,2.0,3.36364605365023
2022-05-17 11:45:00,2022-05-17T07:45:00,0.1174346686625356,8,Extreme Fear,2022-05-17,0.8825653313374644,0.92,2.0,3.389050872335863
2022-05-17 12:00:00,2022-05-17T08:00:00,0.1171899595825893,8,Extreme Fear,2022-05-17,0.8828100404174107,0.92,2.0,3.389990555202857
2022-05-17 12:15:00,2022-05-17T08:15:00,0.1162850021598652,8,Extreme Fear,2022-05-17,0.8837149978401349,0.92,2.0,3.393465591706118
2022-05-17 12:30:00,2022-05-17T08:30:00,0.1166184186241636,8,Extreme Fear,2022-05-17,0.8833815813758364,0.92,2.0,3.392185272483212
2022-05-17 12:45:00,2022-05-17T08:45:00,0.1157665196704806,8,Extreme Fear,2022-05-17,0.8842334803295194,0.92,2.0,3.3954565644653543
2022-05-17 13:00:00,2022-05-17T09:00:00,0.1158760283054573,8,Extreme Fear,2022-05-17,0.8841239716945427,0.92,2.0,3.3950360513070437
2022-05-17 13:15:00,2022-05-17T09:15:00,0.1154291446465424,8,Extreme Fear,2022-05-17,0.8845708553534576,0.92,2.0,3.396752084557277
2022-05-17 13:30:00,2022-05-17T09:30:00,0.1156327010344351,8,Extreme Fear,2022-05-17,0.8843672989655649,0.92,2.0,3.395970428027769
2022-05-17 13:45:00,2022-05-17T09:45:00,0.1167725937926433,8,Extreme Fear,2022-05-17,0.8832274062073567,0.92,2.0,3.39159323983625
2022-05-17 14:00:00,2022-05-17T10:00:00,0.154531380724512,8,Extreme Fear,2022-05-17,0.845468619275488,0.92,2.0,3.246599498017874
2022-05-17 14:15:00,2022-05-17T10:15:00,0.1211450193628675,8,Extreme Fear,2022-05-17,0.8788549806371325,0.92,2.0,3.3748031256465887
2022-05-17 14:30:00,2022-05-17T10:30:00,0.1265097274135503,8,Extreme Fear,2022-05-17,0.8734902725864497,0.92,2.0,3.354202646731967
2022-05-17 14:45:00,2022-05-17T10:45:00,0.1211798321786017,8,Extreme Fear,2022-05-17,0.8788201678213983,0.92,2.0,3.3746694444341694
2022-05-17 15:00:00,2022-05-17T11:00:00,0.1197029576401231,8,Extreme Fear,2022-05-17,0.8802970423598769,0.92,2.0,3.380340642661927
2022-05-17 15:15:00,2022-05-17T11:15:00,0.1200546892218063,8,Extreme Fear,2022-05-17,0.8799453107781937,0.92,2.0,3.378989993388264
2022-05-17 15:30:00,2022-05-17T11:30:00,0.1189510625436602,8,Extreme Fear,2022-05-17,0.8810489374563398,0.92,2.0,3.3832279198323447
2022-05-17 15:45:00,2022-05-17T11:45:00,0.1199232899954717,8,Extreme Fear,2022-05-17,0.8800767100045284,0.92,2.0,3.3794945664173888
2022-05-17 16:00:00,2022-05-17T12:00:00,0.1204921095964473,8,Extreme Fear,2022-05-17,0.8795078904035527,0.92,2.0,3.3773102991496424
2022-05-17 16:15:00,2022-05-17T12:15:00,0.1201111786093005,8,Extreme Fear,2022-05-17,0.8798888213906995,0.92,2.0,3.3787730741402857
2022-05-17 16:30:00,2022-05-17T12:30:00,0.1192671460668061,8,Extreme Fear,2022-05-17,0.8807328539331939,0.92,2.0,3.3820141591034645
2022-05-17 16:45:00,2022-05-17T12:45:00,0.1172538732795406,8,Extreme Fear,2022-05-17,0.8827461267204594,0.92,2.0,3.389745126606564
2022-05-17 17:00:00,2022-05-17T13:00:00,0.1175191265943493,8,Extreme Fear,2022-05-17,0.8824808734056507,0.92,2.0,3.3887265538776985
2022-05-17 17:15:00,2022-05-17T13:15:00,0.1176890783212425,8,Extreme Fear,2022-05-17,0.8823109216787575,0.92,2.0,3.3880739392464285
2022-05-17 17:30:00,2022-05-17T13:30:00,0.1077725401932369,8,Extreme Fear,2022-05-17,0.8922274598067631,0.92,2.0,3.4261534456579703
2022-05-17 17:45:00,2022-05-17T13:45:00,0.1096355880344744,8,Extreme Fear,2022-05-17,0.8903644119655256,0.92,2.0,3.418999341947618
2022-05-17 18:00:00,2022-05-17T14:00:00,0.1135432996842321,8,Extreme Fear,2022-05-17,0.886456700315768,0.92,2.0,3.403993729212549
2022-05-17 18:15:00,2022-05-17T14:15:00,0.1159405016963853,8,Extreme Fear,2022-05-17,0.8840594983036147,0.92,2.0,3.3947884734858804
2022-05-17 18:30:00,2022-05-17T14:30:00,0.1136897183942783,8,Extreme Fear,2022-05-17,0.8863102816057217,0.92,2.0,3.403431481365971
2022-05-17 18:45:00,2022-05-17T14:45:00,0.1142111331910266,8,Extreme Fear,2022-05-17,0.8857888668089734,0.92,2.0,3.401429248546458
2022-05-17 19:00:00,2022-05-17T15:00:00,0.1140695885217098,8,Extreme Fear,2022-05-17,0.8859304114782902,0.92,2.0,3.401972780076634
2022-05-17 19:15:00,2022-05-17T15:15:00,0.1144872844860089,8,Extreme Fear,2022-05-17,0.8855127155139911,0.92,2.0,3.400368827573726
2022-05-17 19:30:00,2022-05-17T15:30:00,0.1192028127419746,8,Extreme Fear,2022-05-17,0.8807971872580254,0.92,2.0,3.3822611990708173
2022-05-17 19:45:00,2022-05-17T15:45:00,0.120269838730538,8,Extreme Fear,2022-05-17,0.879730161269462,0.92,2.0,3.378163819274734
2022-05-17 20:00:00,2022-05-17T16:00:00,0.1205901719043296,8,Extreme Fear,2022-05-17,0.8794098280956704,0.92,2.0,3.376933739887374
2022-05-17 20:15:00,2022-05-17T16:15:00,0.1261056040709381,8,Extreme Fear,2022-05-17,0.8738943959290619,0.92,2.0,3.355754480367598
2022-05-17 20:30:00,2022-05-17T16:30:00,0.1267297927970547,8,Extreme Fear,2022-05-17,0.8732702072029452,0.92,2.0,3.35335759565931
2022-05-17 20:45:00,2022-05-17T16:45:00,0.1291736642104711,8,Extreme Fear,2022-05-17,0.870826335789529,0.92,2.0,3.343973129431791
